paper_version_id,title,outcome_label,estimand,source_path,higher_benefits,lower_benefits,direction_ambiguous,sign_reason,sign_margin,direction_request_sha256
apep_0594_v1,The Illusion of Permanence: Relabeling vs.\ Real Reform in Spain's 2022 Temporary Contract Ban,Temp. Share (Unwt.),continuous,apep_0594/v1/tables/tabF1_sde.tex,0.26,0.61,0.7,measurement qualifier: group_composition,-0.35,28a1823bb7cb6c67e86ee958513a260cf1c59dee99c049dafcbdd58a9b050f5f
apep_0596_v1,When the Canal Runs Dry: Trade Resilience and the 2023--24 Panama Canal Drought,Log total imports,continuous,apep_0596/v1/tables/tabF1_sde.tex,0.47,0.31,0.45,measurement qualifier: gross_activity,0.1599999999999999,3fe1802219c9db0f8985141fc026a8320379ddd0b43dc57a66c9928400fb91fa
apep_0601_v1,The Deadline Effect: PDUFA Review Clocks and Post-Market Drug Safety,Log serious adverse events,binary,apep_0601/v1/tables/tabF1_sde.tex,0.12,0.87,0.55,measurement qualifier: administrative_detection,-0.75,d25f9921ac1528a2781a3f98ae4df0a00a91a9d4ba87176592ebb4213708aa42
apep_0609_v1,Leveling the Tax Field: Did Online Sales Tax Equalization Slow the Death of Retail?,Log(retail/warehouse ratio),binary,apep_0609/v1/tables/tabF1_sde.tex,0.33,0.33,0.79,ambiguous economic direction,0.0,e12ffaf2bee86b98b938d3a361455a3fe6bd90a9772bfefb386613d52fddcdb9
apep_0610_v1,The Marginal Birth: Post-Dobbs Abortion Bans and the Composition of Newborns,Unmarried birth share,binary,apep_0610/v1/tables/tabF1_sde.tex,0.22,0.52,0.77,measurement qualifier: group_composition,-0.3,a6c8ef6970db570b09f9cebc24efb3bf5674a075dc24281b2136a9e28242f7d8
apep_0613_v1,Do Women Mayors Spend Differently? Close-Election Evidence from Mexico,Admin payroll share,binary,apep_0613/v1/tables/tabF1_sde.tex,0.41,0.41,0.77,ambiguous economic direction,0.0,7e8d217bd2f7b5c3a1194711f4dfc01811b617e0329ac989e3d35e18fc6da730
apep_0615_v1,Pricing Under the Spotlight: Do Drug Transparency Laws Restrain Pharmaceutical Price Increases?,Share above 10%,binary,apep_0615/v1/tables/tabF1_sde.tex,0.18,0.36,0.61,insufficient directional evidence,-0.18,365c464aa669664d4526872a7ec1b3573941f173bb4a858ea700389c1520c32e
apep_0616_v1,Police Austerity and the Collapse of Criminal Justice Quality: Evidence from England and Wales,Charge rate (%),continuous,apep_0616/v1/tables/tabF1_sde.tex,0.72,0.23,0.45,measurement qualifier: administrative_detection,0.49,ba499a9e47e1944258c9ed479ecabe379326e1922bb85e65f914e9ad3bbe48a6
apep_0617_v1,Beyond the Extensive Margin: State Earned Income Tax Credits and the Industry Composition of Women's Employment,Healthcare share,binary,apep_0617/v1/tables/tabF1_sde.tex,0.7,0.31,0.61,measurement qualifier: group_composition,0.3899999999999999,9f0ab0047c67baf3953f89effdbeefdbdbd89e66a8f4d51f1af3978478aeef32
apep_0618_v1,"The Dead Zone at 250,000: How Notch Abolition Reveals Local Market Distortion",Log(All Transactions),continuous,apep_0618/v1/tables/tabF1_sde.tex,0.38,0.25,0.76,measurement qualifier: gross_activity,0.13,1319db387aedfc3ac010c0e2141648bfbca32c034c205cc13d52c38083310439
apep_0623_v1,The Symmetric Tax Shock: Housing Capitalization of the SALT Deduction Cap and Its Reversal,Log ZHVI (continuous),continuous,apep_0623/v1/tables/tabF1_sde.tex,0.54,0.21,0.18,insufficient directional evidence,0.33,8dcc1f057afa8b1ddf80efec435d11865b737ab670b36547e9b754f604652046
apep_0628_v1,The Invisible Tariff: Nigeria's FX Exclusion List and Product-Level Trade Destruction,Log imports (DiD),binary,apep_0628/v1/tables/tabF1_sde.tex,0.46,0.3,0.59,insufficient directional evidence,0.16,4018d519558b047ea857e31767eb9e6e76f73b3d6159b096b43c68d0f3baea99
apep_0631_v1,Sticky Capitalization: Evidence from the SALT Deduction Cap and Its Reversal,House Prices (TCJA),continuous,apep_0631/v1/tables/tabF1_sde.tex,0.36,0.34,0.32,insufficient directional evidence,0.0199999999999999,829be149fab02c78d7fba35d3acbda6d873319876f0ae5f14a273dd03e2f12e9
apep_0632_v1,The Green Backlash That Wasn't: Vehicle Bans and Populist Voting at French Low-Emission Zone Boundaries,DeltaRN share 2017--2022,binary,apep_0632/v1/tables/tabF1_sde.tex,0.18,0.27,0.83,measurement qualifier: group_composition,-0.09,19a2fde6b4dd3e52671a9d360e2ecb62a48f7b3cc436c33020b617cae8aaa4eb
apep_0637_v1,Does Granting a Patent Trigger a Filing Arms Race? Evidence from Examiner Leniency,Class filings (1 year),binary,apep_0637/v1/tables/tabF1_sde.tex,0.27,0.33,0.63,measurement qualifier: gross_activity,-0.06,e20f4ce94a854e8d5ee9353e98ce1d7b911859ebf268727e9ed51194396d4003
apep_0649_v1,The Clean Air Penalty: Property Values at Urban Emission Zone Boundaries,log(Price) --- Pooled,binary,apep_0649/v1/tables/tabF1_sde.tex,0.44,0.31,0.12,insufficient directional evidence,0.13,714e3a005858ce59f2f8860dcabd4fa1ff358a523ac0b262ac314b75569c402f
apep_0659_v1,The Enclave Paradox: Ethnic Networks as Boom-Era Traps and Depression-Era Insurance,"Delta Occ. score (bust, pooled)",continuous,apep_0659/v1/tables/tabF1_sde.tex,0.57,0.67,0.22,insufficient directional evidence,-0.1,0af3701f314dd79343ceecf2823198da6d65d9713113d3a6862c55b9d2b4acb0
apep_0664_v1,The Vanishing Mandate: Finland's Competitiveness Pact and the Absorption of Legislated Working Time,Log Total Hours,binary,apep_0664/v1/tables/tabF1_sde.tex,0.33,0.42,0.65,insufficient directional evidence,-0.0899999999999999,c061dcec494a90d27faa75b34931b6ab10820437e7d1018e82ce08841175b09d
apep_0680_v1,The Mobility Tax: How Low-Emission Zone Vehicle Bans Penalize Housing Values,Log price/m^2,binary,apep_0680/v1/tables/tabF1_sde.tex,0.48,0.36,0.11,insufficient directional evidence,0.12,02213c8b83052c2f77ee5d557f11edf7d44232a51542023d00420586d90c6372
apep_0682_v1,"Dirty Water, Cheap Houses? The Capitalization of Revealed Sewage Pollution into English Property Values",Log price (baseline),binary,apep_0682/v1/tables/tabF1_sde.tex,0.42,0.28,0.15,insufficient directional evidence,0.1399999999999999,02c096f7c4184b322137ace3c68aaf20a7f6c0b4dd7dce71e7d993755e539737
apep_0687_v1,The Habitat Tax: Nutrient Neutrality Regulations and Housing Supply in England,Applications decided,binary,apep_0687/v1/tables/tabF1_sde.tex,0.4,0.39,0.62,measurement qualifier: gross_activity,0.01,6e0b3a0b1abfd7f86d38e3fb83b2cea8020507e1f4b838b8f0b535e427d30dd5
apep_0697_v1,When Bans Replace Taxes: The Domestic Substitution Response to New Zealand's Foreign Buyer Prohibition,Foreign Buyer Share (%),continuous,apep_0697/v1/tables/tabF1_sde.tex,0.31,0.41,0.78,measurement qualifier: group_composition,-0.0999999999999999,878340d25107cdd93c61d6aeb861cf7829b9f6e5d4652da360dc307a8d94b7fb
apep_0700_v1,Frozen Out: The Local Housing Allowance Freeze and Temporary Accommodation in England,Acceptance rate,continuous,apep_0700/v1/tables/tabF1_sde.tex,0.6,0.68,0.47,measurement qualifier: gross_activity,-0.08,1a52d374d97cd4bf717ef46a9fc0d7027ba0cc1bed5d765dc3398b02a562c99c
apep_0712_v1,The Missing Premium: Ground Rent Abolition and the Limits of Tenure Reform Capitalization in England,Log(price) --- RDD,binary,apep_0712/v1/tables/tabF1_sde.tex,0.2,0.41,0.44,insufficient directional evidence,-0.2099999999999999,89345bc8c16e4191b9d376b608596711f56514dff57eb0ae5f141ed510163563
apep_0720_v1,Your Bet Ate My Lottery? Sports Betting Legalization and the Fiscal Cannibalization Hypothesis,Log gambling tax (T11),binary,apep_0720/v1/tables/tabF1_sde.tex,0.26,0.25,0.39,insufficient directional evidence,0.01,ba7ea73b79ad405333a60118eca779d46716af276951ddb94f1e15698273cb72
apep_0722_v1,"Eating In, Taking Out: Price Divergence Under Japan's Dual-Rate Consumption Tax",Restaurant CPI (CP11 vs. CP01),binary,apep_0722/v1/tables/tabF1_sde.tex,0.16,0.52,0.43,insufficient directional evidence,-0.36,f4bd622b8ead11e3e1480c4c6fd4b0f75ec0c899fe5ac854812406d464936c6e
apep_0726_v1,"The Gendered Transfer Multiplier: Fiscal Windfalls, Female Employment, and Violence Against Women in Brazil",DV notifications per 100K,binary,apep_0726/v1/tables/tabF1_sde.tex,0.19,0.68,0.75,measurement qualifier: administrative_detection,-0.49,3a1e79ec2da5f536edf02ae5fc805beb80973522ffa0ef885e9036bd01074317
apep_0735_v1,The Price of Beauty: How Heritage Protection Shapes Property Values at France's 500-Meter Monument Boundaries,Log Price/m^2,binary,apep_0735/v1/tables/tabF1_sde.tex,0.45,0.38,0.13,insufficient directional evidence,0.07,9d6a0ee1b15cc3aa08eeac3734d03a3e02c6a701c5635782991b519edffb2a1b
apep_0736_v1,Who Counts the Dead? Medicolegal Death Investigation Systems and the Measurement of the Opioid Epidemic,Drug OD rate (full panel),binary,apep_0736/v1/tables/tabF1_sde.tex,0.05,0.94,0.5,measurement qualifier: administrative_detection,-0.8899999999999999,6bb6ce5de3998d552aff289488a3a09249b1dbb8f76f3f772d34fd7969fd3efe
apep_0740_v1,The Designation Discount: Priority Neighborhood Boundaries and Property Values in France,Log price/m^2,binary,apep_0740/v1/tables/tabF1_sde.tex,0.51,0.2,0.1,insufficient directional evidence,0.31,6bd4d92ef572ccedc418bbdf22161ded78b11248fcac5307af830b6700c0407f
apep_0743_v1,Licensing the Last Rites: Funeral Director Mandates and the Absence of Market Distortion at State Borders,Estab./10K,binary,apep_0743/v1/tables/tabF1_sde.tex,0.49,0.34,0.62,insufficient directional evidence,0.1499999999999999,a64fc8bf1d0f3bfe3783c51a16035428619daf199c422612c770ef293e1c931a
apep_0746_v1,The Stigma of Priority: School Catchment Boundaries and the Housing Price Penalty of Education Zones in France,Log price (all),binary,apep_0746/v1/tables/tabF1_sde.tex,0.43,0.26,0.1,insufficient directional evidence,0.1699999999999999,fba034e094abc94e9e8e82b04c987b125de0848e985d1850f7239d35c346db4d
apep_0747_v1,Coming to the Nuisance: CAFO Shield Laws and Environmental Justice Sorting in Rural America,Hispanic Share,binary,apep_0747/v1/tables/tabF1_sde.tex,0.17,0.27,0.84,measurement qualifier: group_composition,-0.1,d86a90501b1cf0df386334509ebab142e2c9f69408e79c7b2af860d253e00a8d
apep_0753_v1,The Retail Floor: SNAP Emergency Allotment Expiration and the Resilience of Food Retail Infrastructure,Conv. store exit rate,binary,apep_0753/v1/tables/tabF1_sde.tex,0.1,0.89,0.43,measurement qualifier: gross_activity,-0.79,94850402d3d3d25f691b1411ecd0731e374564bcea00faa3452b9a19ab67e3b0
apep_0760_v1,"Clearing the Deck: SEC Chair Transitions, Enforcement Vacuums, and the Resilience of Capital Markets",FY enforcement Delta%,binary,apep_0760/v1/tables/tabF1_sde.tex,0.4,0.31,0.69,measurement qualifier: administrative_detection,0.09,4b8ab054a0c77fcf29f006a5a35bf9a22527f86d38569edc3d9c434e6479dec7
apep_0761_v1,The Receiving-State Dividend: Healthcare Labor Reallocation After Dobbs,FP Emp (Ban),binary,apep_0761/v1/tables/tabF1_sde.tex,0.79,0.69,0.43,insufficient directional evidence,0.1,77d28dec350715ab1d2508d9d58f74406dfcad095deadf7286201398fdb6fbc3
apep_0780_v1,Last Orders for Crime? Cumulative Impact Assessments and Alcohol-Related Violence in England,Log violent crime,binary,apep_0780/v1/tables/tabF1_sde.tex,0.06,0.93,0.43,measurement qualifier: administrative_detection,-0.8700000000000001,6487e644f9b8c3fed4c979839f27bd25b2be215bfd6dd7a368663770557efa25
apep_0788_v1,Where Did the Carbon Go? No Evidence of Trade Deflection from the EU's Carbon Border Adjustment Mechanism,CBAM Deflection (DDD),binary,apep_0788/v1/tables/tabF1_sde.tex,0.57,0.42,0.52,measurement qualifier: gross_activity,0.1499999999999999,b80cd44bdb91c19af2a8786359a98f05d13f2b37f409e0000954281719726fb0
apep_0791_v1,The Credential Equity Trap That Wasn't: For-Profit Regulation and Minority Attainment,Minority Share,binary,apep_0791/v1/tables/tabF1_sde.tex,0.65,0.24,0.43,measurement qualifier: group_composition,0.41,2ededb84f1da3c89053f47b9be9516e4d037c21cf873c8fcfc1607d0ce4d6ebe
apep_0794_v1,The Application Illusion: Test-Optional Admissions and the Persistence of Enrollment Inequality,Black enrollment share,continuous,apep_0794/v1/tables/tabF1_sde.tex,0.85,0.08,0.3,measurement qualifier: group_composition,0.77,6d8709da6464e56e955529c7977434e67b8f9d6d9f613737a88c8b99af23e113
apep_0796_v1,Building Around the Ban: Supply Restrictions and the Elusive Conversion of Vacation Housing in Switzerland,Delta Primary share,binary,apep_0796/v1/tables/tabF1_sde.tex,0.69,0.26,0.27,measurement qualifier: group_composition,0.4299999999999999,ccfdd6bdf637c46916706c51c0a72410857ed6f4418ab034e81e656c8e91944e
apep_0802_v1,Building the Exemption: Tax Incentives and the Composition of Housing Supply in New Zealand,Multi-unit consents (treatment period),binary,apep_0802/v1/tables/tabF1_sde.tex,0.66,0.3,0.43,measurement qualifier: gross_activity,0.36,cf73cbfdea2207039346da918a595e000d853b77b1f90c053968d4cf705ae635
apep_0803_v1,Who Gets the New Jobs? Racial Inclusion in Medicaid-Driven Healthcare Employment Growth,Black share of HC emp.,binary,apep_0803/v1/tables/tabF1_sde.tex,0.75,0.23,0.38,measurement qualifier: group_composition,0.52,6d113fb9314ea37569c8f7f697d8de9a9f7fced664d6bae0621548d5e1418a5d
apep_0809_v1,Trading Non-Tradable Votes: EU Posted Workers and Far-Right Support in France,FN/RN Vote Share,continuous,apep_0809/v1/tables/tabF1_sde.tex,0.14,0.46,0.83,measurement qualifier: group_composition,-0.32,0520a1d4aa80e345f87a07981e726f9c315d2eb811a966bd5d50d55bb84ed768
apep_0811_v1,The Compliance Mirage: No Entry Deterrent from England's Mandatory Calorie Labeling,Log incorporations,binary,apep_0811/v1/tables/tabF1_sde.tex,0.72,0.32,0.44,measurement qualifier: gross_activity,0.3999999999999999,a82e3b766f54adaacfc658fd85ad1603cfd975e661d7b1fbe29126a2cbb40863
apep_0812_v1,Pump Prices and Le Pen? No Causal Link Between France's Carbon Tax and Populist Voting,DeltaRN 2017--2012,continuous,apep_0812/v1/tables/tabF1_sde.tex,0.16,0.34,0.81,measurement qualifier: group_composition,-0.18,dfb52119a32701d3d4da50daf41341f927a97a9d7d000d7edbd276f21cfd04a2
apep_0813_v1,Strings Detached: Switzerland's Fiscal Equalization Reform and Inter-cantonal Migration,Net migration rate,continuous,apep_0813/v1/tables/tabF1_sde.tex,0.27,0.25,0.68,insufficient directional evidence,0.02,82ba0fddaf7d5e6708d9a06a8e217b782dc43692b05c13a5671119058779fc41
apep_0825_v1,The Contagion That Fades: Social Networks and the Transient Spread of Anti-Immigration Voting in Sweden,Delta SD Vote Share (own exposure),continuous,apep_0825/v1/tables/tabF1_sde.tex,0.16,0.6,0.83,measurement qualifier: group_composition,-0.4399999999999999,06a67f06496cc691dd162654fd341bf11d17879a3150c8c7a410de36aa52dcf5
apep_0830_v1,The Lottery Lever: Heterogeneous Returns to Consumer-Led Tax Enforcement Across Europe,VAT/GDP (%),binary,apep_0830/v1/tables/tabF1_sde.tex,0.29,0.17,0.21,insufficient directional evidence,0.1199999999999999,634f7063d64b8ebd700442fa9786f5114dfa50141f8f0f6ef435d1dd398abbf6
apep_0834_v1,The Accessibility Premium: Barrier-Free Station Mandates and Land Values in Japan,Log land price (Delta 2020--2010),binary,apep_0834/v1/tables/tabF1_sde.tex,0.36,0.29,0.24,insufficient directional evidence,0.07,0b9749dc8348d5a8c11933b41226ef5842deb7f818f2d148bfbd6acdb7cb4d29
apep_0836_v1,The Cushion That Wasn't Needed: Grant Expiration and Fiscal Resilience After Japan's Municipal Mergers,Log SFD per capita,binary,apep_0836/v1/tables/tabF1_sde.tex,0.24,0.48,0.56,insufficient directional evidence,-0.24,f5b73a54ce3954acd0f74db28d6fd8d722da4c4bf39c1865b1e8bfdd915100d8
apep_0838_v1,The Audit That Barely Bit: Switzerland's Pay Transparency Mandate and the Muted Response of Gendered Labor Markets,Female share,continuous,apep_0838/v1/tables/tabF1_sde.tex,0.84,0.12,0.3,measurement qualifier: group_composition,0.72,407019d95d760b3231800f93a147e3445fc3d56d4be51eb8391757fe65623711
apep_0844_v1,"The Sticky Sticker Price: State Disinvestment, Tuition Rigidity, and Student Body Recomposition at Public Universities",Pell share,continuous,apep_0844/v1/tables/tabF1_sde.tex,0.84,0.27,0.32,measurement qualifier: group_composition,0.57,8a53867a372d38cc9b359bc1aae987f03927bb0b13393b96142bdfdccbe46a33
apep_0851_v1,The Expat Premium That Wasn't: Portugal's NHR Tax Termination and Housing Prices,Log HPI,binary,apep_0851/v1/tables/tabF1_sde.tex,0.31,0.45,0.46,insufficient directional evidence,-0.14,de5928c85884e2cd2b504fbaa3b83a98ac7489e27a0ac0b9cc88106e14801cd7
apep_0854_v1,The Integration Premium: Thirty-Five Years of Mandated Ethnic Mixing and Housing Prices in Singapore,Log resale price (pooled),continuous,apep_0854/v1/tables/tabF1_sde.tex,0.4,0.25,0.21,insufficient directional evidence,0.15,fbb90ee40c7f3992a6e0476100d63197dccde88ef64423bbb621af0caba67c2a
apep_0864_v1,Cheap Talk: Anti-Immigration Referendum Signals and Foreign Residential Sorting in Swiss Municipalities,Foreign population share,continuous,apep_0864/v1/tables/tabF1_sde.tex,0.31,0.29,0.74,measurement qualifier: group_composition,0.02,fe3ab523222637d8f7b0e12c1edd53b16a05668b4217be5370aaf11ec87966f7
apep_0876_v1,The Tax Flight Gradient: Income-Stratified Migration Elasticities from the SALT Deduction Cap,Net migration rate,binary,apep_0876/v1/tables/tabF1_sde.tex,0.32,0.33,0.64,insufficient directional evidence,-0.01,537282294f48d0a1c05c05cf76f9769f8ee65a6f92a4c52f7744f2a92cf4a896
apep_0877_v1,The Fiscal Receipt Dividend: Evidence from Croatia's 2013 Electronic Cash Register Mandate,VAT/GDP (%),binary,apep_0877/v1/tables/tabF1_sde.tex,0.17,0.35,0.61,insufficient directional evidence,-0.1799999999999999,eb7baf3ad5a7c1e77597fe8e5cbb4f9d93613eaa1458a4a8b7d61a7dca5bcd37
apep_0879_v1,Does Raising the Floor Change Who Gets Hired? Minimum Wage Increases and the Racial Composition of Worker Flows,Black hire share,binary,apep_0879/v1/tables/tabF1_sde.tex,0.87,0.09,0.2,measurement qualifier: group_composition,0.78,ff00646d39dd63dfe8c4a9364a1900221d1741b736d1634257d1c736e322db74
apep_0889_v1,"Slower Mail, Fewer Voters? USPS Establishment Losses and Presidential Election Turnout",Log total votes,binary,apep_0889/v1/tables/tabF1_sde.tex,0.38,0.17,0.36,insufficient directional evidence,0.21,99a48f72ac28e33c7904b63e9462d7cebddd5355e0dee4cecf29a0c118ef8d7b
apep_0893_v1,The Reclassification Response: How a Regulatory Budget Changed What Agencies Regulate,NPRM count (log),continuous,apep_0893/v1/tables/tabF1_sde.tex,0.16,0.34,0.75,measurement qualifier: gross_activity,-0.18,7f94858c12147ec6813297d8e5337f26e250e3e93f976f8b8ddc1591249ae90d
apep_0895_v1,The Compliance Trap: Anti-Money Laundering Regulation and the Detection Illusion,Log(ML offences),binary,apep_0895/v1/tables/tabF1_sde.tex,0.21,0.64,0.73,measurement qualifier: administrative_detection,-0.43,396a1c4cfe249dcb6f97189dcbfea513c2a33eb7c0e3f698455b094b3888c5fc
apep_0900_v1,The Product-Scope Loophole: CBAM's Downstream Exemption and Anticipatory Metal Imports,Import value (all metals),binary,apep_0900/v1/tables/tabF1_sde.tex,0.36,0.28,0.56,measurement qualifier: gross_activity,0.0799999999999999,ded315c03d3e3e49a8fca9d0b96af625ee5b647a04b6f5be928373377eb2291b
apep_0903_v1,Frozen Development: Switzerland's Second-Home Ban and the Failure of Quantity Restrictions to Convert Housing Stock,Delta Sec. home share (pp),binary,apep_0903/v1/tables/tabF1_sde.tex,0.22,0.63,0.57,measurement qualifier: group_composition,-0.41,38f2084c51ce5e6300e0de2c49c253700dfb8270ca6fa5480b9dbe38d29584f6
apep_0909_v1,The Electoral Constable: PCC Elections and Crime Investigation Quality in England and Wales,Charge/summons rate,binary,apep_0909/v1/tables/tabF1_sde.tex,0.67,0.34,0.62,measurement qualifier: administrative_detection,0.33,88b2b5ae6e828acd9a6cf6bdfeba220012259c40e4cf84bf1595bedc4c39fb64
apep_0910_v1,The Measurement Artifact of Crime: How NIBRS Adoption Inflates Reported Offense Rates,Violent crime rate,binary,apep_0910/v1/tables/tabF1_sde.tex,0.04,0.95,0.44,measurement qualifier: administrative_detection,-0.91,21913fa64c5e3e707ea5aca3b9f23e7109798ee115946c08b34b45dac14127ea
apep_0917_v1,The Escape Valve That Didn't Leak: Civil Forfeiture Reform and Federal Equitable Sharing,ES revenue (asinh),binary,apep_0917/v1/tables/tabF1_sde.tex,0.21,0.48,0.66,insufficient directional evidence,-0.27,3f1b62f35644874d15ae7b78f45c89ea402ec935228f0a8ce2aa1c60172456ee
apep_0919_v1,The Detection Dividend: EU Whistleblower Protection and the Recorded Corruption Paradox,Corruption/100k (ln),binary,apep_0919/v1/tables/tabF1_sde.tex,0.09,0.81,0.62,measurement qualifier: administrative_detection,-0.7200000000000001,ff90fce44732535d3f0967abf6ed14025e1f2aaef3b1f010bafbf2bc65d09746
apep_0921_v1,The Escape Valve Illusion: State Forfeiture Reform and the Federal Equitable Sharing Program,log(ES Funds + 1),binary,apep_0921/v1/tables/tabF1_sde.tex,0.27,0.51,0.61,insufficient directional evidence,-0.24,485655c043a5b8ae9c888c29f820e3ddeae834e1e35ca6e8e91ed8176a905c7d
apep_0923_v1,The End of Banking Secrecy? Control Group Selection and the Null Effect of Automatic Tax Information Exchange on Swiss Bilateral Liabilities,Log liabilities,binary,apep_0923/v1/tables/tabF1_sde.tex,0.35,0.32,0.73,insufficient directional evidence,0.0299999999999999,df66a502a7859269872d057c2385f597eec1899ddfa8b8541673b6d20ef6e742
apep_0937_v1,Building an Industry from Ashes: The Grenfell Tower Fire and the Birth of the UK Fire Safety Sector,Fire safety incorporations,continuous,apep_0937/v1/tables/tabF1_sde.tex,0.61,0.29,0.63,measurement qualifier: gross_activity,0.32,a46c0af973ad4f1b6f5e9554ee2c3219a3b52a4910149f81eb5540ad378f82c6
apep_0940_v1,Stigma Without Sorting: Denmark's Parallel Society Designation and Neighborhood Composition,Non-Western Share,binary,apep_0940/v1/tables/tabF1_sde.tex,0.23,0.34,0.72,measurement qualifier: group_composition,-0.11,5f1c157fe2dfe58a4706f5bdb1dd19f1fb8d9117e77ca283315fc8c6c0d9a90a
apep_0944_v1,The Pipeline Illusion: Automatic Voter Registration Does Not Change Federal Jury Verdicts,Acquittal rate,binary,apep_0944/v1/tables/tabF1_sde.tex,0.6,0.34,0.63,measurement qualifier: administrative_detection,0.2599999999999999,1d11b82c1b9b446976ec9caa036395ecc225f4f71bb7a0ed3d3835b4ad19bbac
apep_0945_v1,"The Regulatory Ratchet: Executive Deregulation Orders, Agency Composition, and the Asymmetry of Reversal",NPRM volume (log),continuous,apep_0945/v1/tables/tabF1_sde.tex,0.2,0.29,0.75,measurement qualifier: gross_activity,-0.0899999999999999,46d8ab3f408c2f68273f5c2bb43aca57bb95ce67c120637ac496b43d671fbc75
apep_0956_v1,Rockets and Feathers in Food Taxation: Asymmetric Price Pass-Through from Denmark's Fat Tax Experiment,Log CPI (treated),binary,apep_0956/v1/tables/tabF1_sde.tex,0.13,0.52,0.41,insufficient directional evidence,-0.39,158b1276ed6b91d7e9c53a9ce8fef2d6266feca82322a589e94553f86feebb88
apep_0958_v1,When Green Courts Create Brown Politics: The Dutch Nitrogen Ruling and the Rise of Agrarian Populism,BBB vote share (agri. empl.),continuous,apep_0958/v1/tables/tabF1_sde.tex,0.18,0.24,0.73,measurement qualifier: group_composition,-0.06,869160f4446feb5619da701f161d9c585b8d1dfd3e91a8c5bb60a951264cc8f8
apep_0967_v1,Does Dismantling Worker Voice Fuel the Far Right? Evidence from France's CSE Reform,Le Pen share,continuous,apep_0967/v1/tables/tabF1_sde.tex,0.15,0.57,0.81,measurement qualifier: group_composition,-0.4199999999999999,18ba5c8f9c79caf56db552842bf506e10bc73a8fbba50fff6833b9cba564d0b5
apep_0976_v1,The Yakuza Tax: Organized Crime Exclusion and Property Markets in Japan,Log land price,binary,apep_0976/v1/tables/tabF1_sde.tex,0.53,0.29,0.24,insufficient directional evidence,0.24,789280205d8e991de51bc6dde60d40cfc97a097039a333d47d9c5ccce2b8ec09
apep_0990_v1,The Corn Lock-In: Groundwater Quotas and Crop Specialization over the Ogallala Aquifer,Corn share,binary,apep_0990/v1/tables/tabF1_sde.tex,0.53,0.31,0.64,insufficient directional evidence,0.22,a09d152856b555c85c2c89b09045eb50f247aa19404f6fc7c29d7fb453215f5f
apep_0991_v1,The Choke: How Europe's Discard Ban Reduced Fishing Instead of Waste,Log catches (all),binary,apep_0991/v1/tables/tabF1_sde.tex,0.54,0.4,0.65,insufficient directional evidence,0.14,7626d3f475ac8de652ba8b068a1aa78f8d7fc12fe4aac2716b92ca82412fa613
apep_0995_v1,The Consolidation Null: Forced Intercommunal Mergers and Far-Right Voting in France,FN/RN Vote Share,binary,apep_0995/v1/tables/tabF1_sde.tex,0.13,0.41,0.87,measurement qualifier: group_composition,-0.2799999999999999,fe394abe9084eebea5c6c27469ecb44e307b3f737d26ac06ab0eb66e5535e515
apep_0997_v1,The Formalization Dividend: Romania's Construction Tax Holiday and the Shadow Workforce,Self-employment share,binary,apep_0997/v1/tables/tabF1_sde.tex,0.19,0.75,0.75,measurement qualifier: group_composition,-0.56,8959de5ea25c5e1aa7f8cc28ba36b49a2a2d05d98c524f85a884fc8bfe0a71f2
apep_1002_v1,The Compliance Ratchet: What Happens When a Country Abolishes Digital Tax Enforcement,Business registrations,binary,apep_1002/v1/tables/tabF1_sde.tex,0.68,0.26,0.48,measurement qualifier: gross_activity,0.42,4af7f0e57000fdff68750031adc8af5f52299a968961e9bec685fb667d1f5791
apep_1018_v1,The Compliance Shadow: Peer Severe Injuries and Employer Safety Reporting,SIR Count (OLS),continuous,apep_1018/v1/tables/tabF1_sde.tex,0.62,0.32,0.61,measurement qualifier: administrative_detection,0.3,61ac848cc10e728f859abc5af6c9c13e377cefc62e195ed4b14db5046cc6a835
apep_1022_v1,The Colorblind Illusion: How Biased Methods Understated the Impact of Affirmative Action Bans on Minority Enrollment,Black share,binary,apep_1022/v1/tables/tabF1_sde.tex,0.89,0.11,0.21,measurement qualifier: group_composition,0.78,62b162601685d7dd152ead5b43a8e4e1182b9eb3179a872f0e6573cd86dc947f
apep_1026_v1,The Federal Dissonance Penalty That Wasn't: Marijuana Legalization and FHA Mortgage Exclusion,FHA share,binary,apep_1026/v1/tables/tabF1_sde.tex,0.61,0.4,0.58,measurement qualifier: group_composition,0.2099999999999999,5157ce529371daa006697234c359d400c24eeeececbbdf6d3548e041df238345
apep_1036_v1,The Withdrawal Illusion: Tax Office Closures and Far-Right Voting in France,RN share (trend-adj.),binary,apep_1036/v1/tables/tabF1_sde.tex,0.13,0.32,0.8,measurement qualifier: group_composition,-0.19,f1d92c82199c6b9c226bb07aaffb5f5503f1cb86beb7da2f7a49b214e1c9d5da
apep_1037_v1,The Announcement Tax: Disentangling Policy Uncertainty from Implementation Effects in Taiwan's Capital Gains Tax Experiment,Daily volume (announcement),binary,apep_1037/v1/tables/tabF1_sde.tex,0.59,0.25,0.55,measurement qualifier: gross_activity,0.3399999999999999,31545a431692c11685558ade9d35b56201b9d4ef1d9e11e2dbd99c73e1312da8
apep_1038_v1,The Phantom Pollution Drop: How TRI Reporting Rule Changes Manufacture Apparent Emissions Declines,Incumbent Delta chemicals,binary,apep_1038/v1/tables/tabF1_sde.tex,0.28,0.49,0.74,measurement qualifier: administrative_detection,-0.2099999999999999,4406bfc4d85a67a560bac02b2b2b3714f868d9d0377592403990b747dc6f979a
apep_1051_v1,The Corn Conversion: What Happens When Conservation Contracts Expire?,Total planted,continuous,apep_1051/v1/tables/tabF1_sde.tex,0.43,0.31,0.63,insufficient directional evidence,0.12,207bc73f00e6baf38e83c2e931a618b611fe2089b5c8607db6b61621398bafab
apep_1071_v1,Inflated Floors: Portugal's Golden Visa and the Existing--New Dwelling Price Divergence,Existing--New Gap,binary,apep_1071/v1/tables/tabF1_sde.tex,0.22,0.43,0.69,insufficient directional evidence,-0.21,83510898a3ec882c786dbcdcc554df3985bc9b5a234f3e74b398b3260842927d
apep_1085_v1,Blades and Birds: Wind Energy Expansion and the Null Compositional Effect on US Raptor Populations,Raptor reporting rate,continuous,apep_1085/v1/tables/tabF1_sde.tex,0.61,0.32,0.6,measurement qualifier: administrative_detection,0.29,e6ed4392c4e190b0b7e5ccbdf8e2e19b479596e11bd56f6846be8023bed6beb4
apep_1106_v1,The Uncollected Dividend: EU Neonicotinoid Derogations and Pollinator Populations in Citizen Science Data,Bee share (DiD),binary,apep_1106/v1/tables/tabF1_sde.tex,0.84,0.23,0.17,measurement qualifier: group_composition,0.61,74c3520b9ce63c1cb53e31868253b2bb22b1ab6323b49b6f265a597d85729231
apep_1113_v1,"The Admissions Illusion: SFFA v. Harvard Changed Who Goes to College, but Not How You Think",URM Share,continuous,apep_1113/v1/tables/tabF1_sde.tex,0.85,0.12,0.26,measurement qualifier: group_composition,0.73,e8f2f833d342e97b55ca2213822862143c53789a4d1e893fc755555436e01440
apep_1114_v1,The Selection Illusion: Voluntary Environmental Buyouts and the Appearance of Adverse Selection,Log farm count,continuous,apep_1114/v1/tables/tabF1_sde.tex,0.4,0.3,0.72,insufficient directional evidence,0.1,8f3184feb81e0531500d827f861f51af6a7a9fcdc0086f52cfaed883955f8ab8
apep_1115_v1,The Enforcement Illusion: Secure Communities and the Absence of Hispanic Industry Reallocation,Visible share,binary,apep_1115/v1/tables/tabF1_sde.tex,0.4,0.49,0.67,measurement qualifier: group_composition,-0.0899999999999999,d270fb2736e07f282259269413bea3093327022d024f1954c2b258f1c0a4e0f3
apep_1124_v1,The Paper Card: EU Fishing Sanctions Reduce Seafood Trade but Not Fishing Effort,Log Fishing Hours,binary,apep_1124/v1/tables/tabF1_sde.tex,0.44,0.48,0.61,insufficient directional evidence,-0.0399999999999999,152d84aed8b35ea97892df218220406a86a21112d995ad140a2c0dfd5c0db2de
apep_1126_v1,No Enforcement Externality: Drug Arrest Spillovers from Canada's Cannabis Legalization in US Prohibition Counties,Drug arrest rate,binary,apep_1126/v1/tables/tabF1_sde.tex,0.06,0.59,0.55,measurement qualifier: administrative_detection,-0.53,f09534be2aa450f2eed7bcd962ae9cfc348754a4cf5ce4a42a4000b8563c957b
apep_1128_v1,The Bargaining Dividend: Non-Compete Bans Raise Black Earnings Without Increasing Turnover,Separation Rate,binary,apep_1128/v1/tables/tabF1_sde.tex,0.4,0.51,0.68,insufficient directional evidence,-0.1099999999999999,3921e0737160f0ff34c5e8e02051e012b10c9951dfb24ce8cb967851ede75f47
apep_1152_v1,The Composition Illusion: Why 100\% Clean Energy Standards Appear to Accelerate Coal Retirement but Don't,Generator Retirement,binary,apep_1152/v1/tables/tabF1_sde.tex,0.32,0.53,0.65,insufficient directional evidence,-0.21,4b83cd9fdf59de08555d1675b6fa2aa94158359045352da545bf234bf8e97010
apep_1156_v1,The Reporting Dividend: Gender Violence Alerts and the Visibility of Domestic Abuse in Mexico,Domestic violence,binary,apep_1156/v1/tables/tabF1_sde.tex,0.35,0.78,0.77,measurement qualifier: administrative_detection,-0.43,e37360557380c664968edfc4b3a0e434a8513e733fbae3e92f38b79cc4dd6482
apep_1165_v1,The Overhead Illusion: Where Municipal Merger Savings Actually Materialize,Administration,binary,apep_1165/v1/tables/tabF1_sde.tex,0.21,0.37,0.66,insufficient directional evidence,-0.16,a77e8be10eabbbb444ba044fb420da6bce6e023d39142709dca8fe35c2c14dbf
apep_1168_v1,The Proximity Trap: How Nearby Wind Turbines Trigger Anti-Wind Ordinances in Counties That Have Never Hosted One,Geo-weighted exposure rightarrow Ordinance,continuous,apep_1168/v1/tables/tabF1_sde.tex,0.22,0.42,0.78,ambiguous economic direction,-0.1999999999999999,e751f9c2a72b97f9c58ea54a9cd113b9c1717913f82aa2b8f954b38387d5c2d7
apep_1177_v2,The Conviction Lottery: Legal Indeterminacy and Judicial Discretion in Brazil's Drug Courts (v2),Convicted (Drug Trafficking),binary,apep_1177/v2/tables/tabF1_sde.tex,0.06,0.81,0.51,measurement qualifier: administrative_detection,-0.75,8eac433024f5bf962ac87d450a0092b398af6456c3f9d63a45de1a7a4c26420f
apep_1200_v1,The Ballot Box Rejection: Does Local Anti-Immigration Sentiment Alter Municipal Demographics? Evidence from Switzerland's 2014 Mass Immigration Initiative,Foreign share change (pp),binary,apep_1200/v1/tables/tabF1_sde.tex,0.27,0.39,0.77,measurement qualifier: group_composition,-0.12,88a6384b78811a69f5ac63123f359ff7b31450b81a2f4ed6cf0ff08537c6ae7c
apep_1220_v1,The Lock-in Discount: Property Tax Reform and Housing Market Liquidity in Denmark,Log tax revenue,continuous,apep_1220/v1/tables/tabF1_sde.tex,0.16,0.34,0.56,insufficient directional evidence,-0.18,a5a7bb6476e80e1a008b4ca30aff81958ccf3407fed96aff2a7e6250a22d91ce
apep_1221_v1,The Rejection Drain: Patent Examiner Leniency and Inventor Interstate Mobility,Interstate mobility (full sample),binary,apep_1221/v1/tables/tabF1_sde.tex,0.29,0.4,0.76,ambiguous economic direction,-0.11,a11cb78241515c2936d3cd4b713e6cab3c32f4b5e4f4d48827153284d9eda6ae
apep_1228_v1,"The Waterbed Illusion: Insurance Price-Walking Bans, Claims Compression, and Complaint Displacement",log(NWP),binary,apep_1228/v1/tables/tabF1_sde.tex,0.34,0.36,0.55,insufficient directional evidence,-0.0199999999999999,ec6f7ee1851ca372700548f97bcd327723a1aee94cb9c221d905c17dc6c07cf6
apep_1230_v1,Gatekeepers of the Good Death: How Enhanced Oversight of Hospice Entry Reshaped End-of-Life Markets,New enrollments (all),binary,apep_1230/v1/tables/tabF1_sde.tex,0.61,0.32,0.56,measurement qualifier: gross_activity,0.29,b0abe5ae554ac48083a0d75fed584ca94bc0fed91c161ce84c0f7e75999a3851
apep_1235_v1,The Structural Ratchet: Exchange Rate Shocks and Permanent Sectoral Reallocation in Swiss Municipalities,Secondary sector share,continuous,apep_1235/v1/tables/tabF1_sde.tex,0.49,0.34,0.75,measurement qualifier: group_composition,0.1499999999999999,f7cd9ff0c69a9abe952cf5b3575dc27886191a853b66ae0ffd9660be9c17364d
apep_1239_v1,Sticky Cantons: Fiscal Equalization and the Limits of Tiebout Migration in Switzerland,Net migration rate,continuous,apep_1239/v1/tables/tabF1_sde.tex,0.22,0.25,0.76,ambiguous economic direction,-0.03,4c62dba71204ceaa5d915d6a761e334f1c4096377c45171ed7bf165e64f4a59b
apep_1241_v1,The Animal Welfare Haven: Fur Farming Bans and the Geography of Production,Log mink exports (active producers),binary,apep_1241/v1/tables/tabF1_sde.tex,0.78,0.39,0.47,measurement qualifier: gross_activity,0.39,cfa6ca24b39186614ade1adc593e85101411240a386bc93f6c1d11baa6a5b05d
apep_1243_v1,The Merger That Didn't Move: Municipal Consolidation and Foreign Residential Sorting in Switzerland,Foreign population share,binary,apep_1243/v1/tables/tabF1_sde.tex,0.2,0.26,0.84,measurement qualifier: group_composition,-0.06,59505c9411c164c469ac750e70e9170b66f4a85263cf80614d03905e3c3acde4
apep_1244_v1,The Sorting Illusion: Workers' Compensation and Occupational Risk in Progressive-Era America,Hazardous industry entry,binary,apep_1244/v1/tables/tabF1_sde.tex,0.23,0.66,0.77,ambiguous economic direction,-0.43,5d0c26f15ea9ad872628ffd062f24dffb5ca6afd96da4e90eb1ae4c762bec233
apep_1245_v1,"The Price of Silence: Short-Selling Bans, Overpricing, and the Retail Protection Paradox","CAR[-1,+1]: Ban imposition",continuous,apep_1245/v1/tables/tabF1_sde.tex,0.44,0.4,0.51,insufficient directional evidence,0.0399999999999999,57dc8f37b840fc346a2b58ed500171c0c1324d64afc6e66e56ee3e73f0c20bb6
apep_1247_v1,The Composition Lever: How the ARRA Pell Grant Expansion Reshaped Racial Enrollment at Community Colleges,Black enrollment share,continuous,apep_1247/v1/tables/tabF1_sde.tex,0.74,0.12,0.4,measurement qualifier: group_composition,0.62,db29864c6a144d4435480b29b5ec520db035a8deeb816f7519dcf7199ff85d11
apep_1250_v1,Did Britain's Payday Lending Cap Raise Possession Claims? Evidence from English and Welsh Courts,Private minus mortgage claims,continuous,apep_1250/v1/tables/tabF1_sde.tex,0.52,0.65,0.46,measurement qualifier: administrative_detection,-0.13,d234cea0c8f90cc953075ac351788ebdfcb58769bc58d1be75815a8df6f1b984
apep_1251_v1,Certify to Protect? Part 139 Expansion and the Severity Margin in Wildlife Strikes,Total strikes,binary,apep_1251/v1/tables/tabF1_sde.tex,0.08,0.76,0.74,measurement qualifier: administrative_detection,-0.68,0f241d3c57d51d17bc459a926c90780556f802ed3cfbdc67f95a8d619f2b02b6
apep_1262_v1,Sanctioned for Solidarity: State Housing Mandates and the Null Backlash against the French Far Right,FN/RN (TWFE),binary,apep_1262/v1/tables/tabF1_sde.tex,0.14,0.52,0.81,measurement qualifier: group_composition,-0.38,a8a59df77abeb2ca7b978627adae4c96677648eddf19356c6461e675aef81065
apep_1279_v1,The Inertia Break: Military Conscription and the Farm-to-Factory Transition in World War I America,Farm exit,binary,apep_1279/v1/tables/tabF1_sde.tex,0.56,0.42,0.58,insufficient directional evidence,0.14,e556bc1eb82f053f45a642c726023bde3f33b2854f0238c8f51d8415406df1f2
apep_1289_v1,Counting Children Differently: How Differential Response Manufactures Apparent Declines in Child Maltreatment,"Victim rate (per 1,000)",binary,apep_1289/v1/tables/tabF1_sde.tex,0.07,0.91,0.46,measurement qualifier: administrative_detection,-0.8400000000000001,78471361afa896f7ae15c8daa9f22d2fe18e2babf76a5a967ea143a628b85283
apep_1290_v1,The Denominator Trap: Why Europe's Largest State Aid Ruling Left Ireland's Tax Ratio Unchanged,Tax/GDP (pp),binary,apep_1290/v1/tables/tabF1_sde.tex,0.18,0.33,0.71,insufficient directional evidence,-0.15,d5452ebde394ab92391ec181cbf1d5beede439f0fccd916703122174d7a48f04
apep_1291_v1,The Corporate Farm Brake: Did Anti-Corporate Farming Laws Constrain Agricultural Consolidation?%,Average farm size,binary,apep_1291/v1/tables/tabF1_sde.tex,0.32,0.35,0.76,ambiguous economic direction,-0.0299999999999999,c991c02bbbdddbac89d0c901c53bf3419b844947fd5237c220876bb0b60576df
apep_1294_v1,The Guardian Effect: Tribal Political Representation and the Development-Conservation Tradeoff in India,Convergence deceleration (trend-break),continuous,apep_1294/v1/tables/tabF1_sde.tex,0.21,0.53,0.6,insufficient directional evidence,-0.32,6d2a2357d706624fabd4c1632cefead730e08729cd0a6746a84242e3f5355fb8
apep_1320_v1,The Runway Reallocation: WWII Airfield Legacies and the Sectoral Composition of Local Employment,Manufacturing share,binary,apep_1320/v1/tables/tabF1_sde.tex,0.75,0.26,0.71,measurement qualifier: group_composition,0.49,61024ac45d9f408ef289260fcb1cfe6ddacc5f3d6f4227992fd9a3c0686c86cc
apep_1331_v1,The Quality Dividend: Banning Conflicted Pension Advice and Complaint Outcomes at the UK Financial Ombudsman,New complaints,binary,apep_1331/v1/tables/tabF1_sde.tex,0.16,0.76,0.46,measurement qualifier: administrative_detection,-0.6,c9b07e6f3cde16c8a80b59f73d9f5e90e233b59b3a187e8dce088d3c8e701ab4
apep_1339_v1,"Obsolete by Design: Dam Vintage, Climate Gaps, and Downstream Flood Risk",Flood Declaration (LPM),continuous,apep_1339/v1/tables/tabF1_sde.tex,0.19,0.89,0.65,measurement qualifier: administrative_detection,-0.7,4f0de123cc93181d4cafe499bcc4c07327f0c4d15cf7f8f17cb12d15bb40a082
apep_1345_v1,The Inspector Lottery: Ofsted Ratings and the Spatial Inequality of School Quality Labels,Log house price (all areas),binary,apep_1345/v1/tables/tabF1_sde.tex,0.45,0.24,0.13,insufficient directional evidence,0.21,9566b6a1345787473134913433b96404b6e99f3679f385c3f1e2807a7ea16653
apep_1381_v1,,High Exposure,continuous,apep_1381/v1/tables/tabF1_sde.tex,0.21,0.4,0.67,insufficient directional evidence,-0.19,90f16dc68311f17aa5af6c3041245c9aaa285f74ef7b453984f3b50ccd4ed762
apep_1410_v1,The Annuity Squeeze: Switzerland's BVG Conversion Rate Reduction and the Paradox of Persistent Annuitization,Capital withdrawal share,continuous,apep_1410/v1/tables/tabF1_sde.tex,0.41,0.34,0.78,ambiguous economic direction,0.0699999999999999,49c3bd5e3f29024328467bf530bcc5bbbe72401e37c27888ac2e7b1f2881b216
apep_1417_v1,Pricing Out the World: Dose-Response Evidence from Singapore's Escalating Foreign-Buyer Stamp Duty,Log Price Index,binary,apep_1417/v1/tables/tabF1_sde.tex,0.25,0.46,0.43,insufficient directional evidence,-0.21,e6bfacb61b8ec6d055e96fb91a5f18cccc8cfdfe125784bc4600f58743cc1095
apep_1420_v1,"The Coding Dividend: How Medicare's Severity Tiers Shape Treatment, Not Just Documentation",Log charge gap (MCC/CC),continuous,apep_1420/v1/tables/tabF1_sde.tex,0.53,0.48,0.62,insufficient directional evidence,0.05,5c6bdd5b1ec28270fd0c64a1a96ec34721b0bedc479458d169f832a6d33de861
apep_1422_v1,When Bugs Hatch Early: Decomposing Temperature--Yield Damage Through Pest Emergence Thresholds,"Heat, rainfed states",continuous,apep_1422/v1/tables/tabF1_sde.tex,0.53,0.43,0.15,insufficient directional evidence,0.1,79c11ec6a6db450875c2c274d9028ce17e8ddb09fc25451f5e9fdb498bb06b12
apep_1431_v1,The Composition Illusion: Anticipatory Bunching and Transaction Value Distortion Around France's 2025 Real Estate Transfer Tax Increase,Log transactions (March 2025),binary,apep_1431/v1/tables/tabF1_sde.tex,0.32,0.32,0.71,measurement qualifier: gross_activity,0.0,161346ed2188f417c34f51b6df26d329336afd176f28ed36020460fc1f947885
apep_1432_v1,From the Streets to the Checkbooks: Do Protests Mobilize Campaign Contributions?,Contribution count,binary,apep_1432/v1/tables/tabF1_sde.tex,0.46,0.26,0.63,measurement qualifier: gross_activity,0.2,1b5359474669307ab8ed67f01d8385e5730c1053ad93cbacfdd7fbccdf534356
apep_1434_v1,"The Asymmetric Scandal Lottery: Competing News, Political Incentives, and Congressional Oversight",Hearings (count),binary,apep_1434/v1/tables/tabF1_sde.tex,0.63,0.32,0.63,measurement qualifier: administrative_detection,0.31,4f4f139f817e1f39d9eb708855df8b4575383cb7da2f879372398630d40308e1
apep_1435_v1,A Sixty-Day Floor That Isn't: EO 12866 and the Comment Periods Agencies Actually Post,Log page-change ratio,continuous,apep_1435/v1/tables/tabF1_sde.tex,0.22,0.37,0.81,ambiguous economic direction,-0.15,9ca1b11674ccff05b10410fa485442e7d646f7378ab37e384575f6a427cc421c
apep_1443_v1,Lock-In or Cash-Out? Holding-Period Bunching at Taiwan's Housing Tax Notches,"2-yr notch, Tax 2.0",binary,apep_1443/v1/tables/tabF1_sde.tex,0.3,0.36,0.56,measurement qualifier: gross_activity,-0.06,6f8074aba087767272d647f309a45758155a7d9235a4b1b930da9442b86d1168
apep_1449_v1,Fishing Through the Moon: Subsidy Persistence and Effort Inertia in the Global Squid Fleet,Log fishing hours (pooled),continuous,apep_1449/v1/tables/tabF1_sde.tex,0.49,0.34,0.64,insufficient directional evidence,0.1499999999999999,5fab48a8dd3969febdad7d3311996aba85ccd0edbf5c160a0f5bd06cffdc75aa
apep_1454_v1,The Education Cliff: Age-Based Benefit Cuts and Labor Market Outcomes in Denmark,Cash benefit rate,binary,apep_1454/v1/tables/tabF1_sde.tex,0.57,0.62,0.53,insufficient directional evidence,-0.05,2f8af79829176c4bf52b1777edf16b18b9c7c89e588faf7ead3108c96c4ffbcb
apep_1461_v1,The Formality Tax: Mexico's Vacation Mandate and the Informal-Sector Escape Valve,Weekly hours,binary,apep_1461/v1/tables/tabF1_sde.tex,0.46,0.5,0.55,insufficient directional evidence,-0.0399999999999999,98f060945d3c70e272e30b3c9c678897cc638e93cec1ab53fe45acc92b355b6c
