estimand,base,lambda,k,estimate,effective_k,max_weight,tau2,ci_lo,ci_hi,delta,delta_lo,delta_hi,inference,replications,seed
binary,Equal,0.0,331,-0.011980362537764347,330.99999999999983,0.0030211480362537764,,-0.0631182930513595,0.03749397280966769,0.0,0.0,0.0,Independent-paper percentile bootstrap,1999,20261002
binary,Equal,0.5,331,-0.012282920017159388,326.64479740394677,0.0036235521764131397,,-0.06797169894396729,0.04128471164921823,-0.0003025574793950412,-0.007697270926698368,0.006153166154014659,Independent-paper percentile bootstrap,1999,20261002
binary,Equal,1.0,331,-0.012484625003422753,319.17873205345757,0.0040251549365193815,,-0.07130250169616316,0.0445275693297189,-0.000504262465658406,-0.012828784877830622,0.010255276923357768,Independent-paper percentile bootstrap,1999,20261002
binary,REML,0.0,331,-0.00014333770449247575,316.37775043999517,0.0034158053165200936,0.08914006979931577,-0.035836367669770726,0.03560621624479572,0.0,0.0,0.0,Independent-paper percentile bootstrap,1999,20261002
binary,REML,0.5,331,0.0013561911108143964,311.2157398217564,0.004082697544134941,0.08914006979931577,-0.038911405905658676,0.039956546828500805,0.0014995288153068721,-0.004119446106941538,0.006284004828634791,Independent-paper percentile bootstrap,1999,20261002
binary,REML,1.0,331,0.002351224191358735,303.5901554193596,0.00452674477751469,0.08914006979931577,-0.039748038273808996,0.043817169477953145,0.002494561895851211,-0.006856737859368476,0.01046101425758795,Independent-paper percentile bootstrap,1999,20261002
continuous,Equal,0.0,149,0.03707718120805369,149.00000000000003,0.006711409395973154,,-0.016260100671140934,0.0998889597315436,0.0,0.0,0.0,Independent-paper percentile bootstrap,1999,20261002
continuous,Equal,0.5,149,0.038219742353948025,147.0395818857874,0.008044682671951714,,-0.01414900734201162,0.10140437646952838,0.0011425611458943316,-0.004078759605423175,0.006844094995720885,Independent-paper percentile bootstrap,1999,20261002
continuous,Equal,1.0,149,0.03898144978454424,143.67885840601366,0.008933531522604087,,-0.01369377355374383,0.10184164429530203,0.0019042685764905504,-0.006797932675705291,0.011406824992868185,Independent-paper percentile bootstrap,1999,20261002
continuous,REML,0.0,149,0.012309595141521721,134.76956768005923,0.00803041745424888,0.021303545349717862,-0.01081983440222853,0.040541876479968805,0.0,0.0,0.0,Independent-paper percentile bootstrap,1999,20261002
continuous,REML,0.5,149,0.012201808919438801,132.54194223526503,0.009583722255270308,0.021303545349717862,-0.01309134092833311,0.04243981376879458,-0.0001077862220829201,-0.0031482637514339126,0.003380173280436444,Independent-paper percentile bootstrap,1999,20261002
continuous,REML,1.0,149,0.012130334645895743,129.35719190641538,0.010619915679874446,0.021303545349717862,-0.014453890990658611,0.04385321573480092,-0.0001792604956259783,-0.005246960519333629,0.005634199180097669,Independent-paper percentile bootstrap,1999,20261002
