margin,ambiguity,estimand,label,k,estimate,se,ci_lo,ci_hi,p,tau2,tau2_dl,hk_q,Q,Q_df,Q_p,I2,pi_lo,pi_hi,effective_k,max_re_weight,max_fe_weight
0.05,0.6,binary,,325,0.0014805747975931204,0.021390622180168174,-0.0406014694120444,0.043562619007230644,0.9448603300479783,0.10051980942357704,0.011730326813536758,1.3213371400597151,11964.663370770915,324,0.0,97.29202577657541,-0.6236784081968503,0.6266395577920365,311.84365851378124,0.0034446305767027213,0.10762200475123568
0.05,0.6,continuous,,147,0.004596311937529751,0.011391894532584487,-0.017918009319534613,0.027110633194594114,0.6871912233030643,0.010097706603980731,0.0006634779753341457,1.4696578644620222,4461.496136802938,146,0.0,96.72755516259122,-0.19528504651420608,0.20447767038926556,126.99758022101769,0.008744644692233204,0.46413180015634836
0.05,0.75,binary,,338,0.0020450653028680175,0.02071015767901011,-0.03869240063170361,0.04278253123743965,0.9213978844877353,0.09794044514455724,0.011573545904453584,1.3150077932809348,12009.156276024254,337,0.0,97.19380785582076,-0.6148981277563726,0.6189882583621086,323.8592945222516,0.003329940734318788,0.10600523563040921
0.05,0.75,continuous,,151,0.01120314612333596,0.014713213172343323,-0.017868770218515583,0.0402750624651875,0.44759312221772446,0.02122305651350028,0.0029331595998047686,1.2809363258018107,19291.141748309838,150,0.0,99.22244104596277,-0.2781295532997886,0.3005358455464605,135.9280474710398,0.007962958756946262,0.4632056657188259
0.05,0.9,binary,,339,0.002087134611720913,0.0206318021511888,-0.03849577105190761,0.04267004027534944,0.9194826027318624,0.09742849434533482,0.011554576132512807,1.315774074373189,12010.336166496665,338,0.0,97.18575737336258,-0.6132317780213132,0.6174060472447551,324.7949250344148,0.0033202202706036203,0.10584236953486235
0.05,0.9,continuous,,151,0.01120314612333596,0.014713213172343323,-0.017868770218515583,0.0402750624651875,0.44759312221772446,0.02122305651350028,0.0029331595998047686,1.2809363258018107,19291.141748309838,150,0.0,99.22244104596277,-0.2781295532997886,0.3005358455464605,135.9280474710398,0.007962958756946262,0.4632056657188259
0.1,0.6,binary,,324,-0.002890889518340084,0.020202618856254725,-0.04263622095557709,0.03685444191889692,0.8863045440015617,0.09263858281438934,0.011664134409884537,1.269956769011322,11897.901194552978,323,0.0,97.28523548213803,-0.6030053326272102,0.5972235535905301,310.34553560153387,0.0034689042361565024,0.10762265627057455
0.1,0.6,continuous,,147,0.004596311937529751,0.011391894532584487,-0.017918009319534613,0.027110633194594114,0.6871912233030643,0.010097706603980731,0.0006634779753341457,1.4696578644620222,4461.496136802938,146,0.0,96.72755516259122,-0.19528504651420608,0.20447767038926556,126.99758022101769,0.008744644692233204,0.46413180015634836
0.1,0.75,binary,,337,-0.002105378160607519,0.01959389889116928,-0.040647544903835105,0.03643678858262007,0.9144955646875059,0.0905824072307785,0.01150841524560954,1.2638005920893771,11942.396035026371,336,0.0,97.18649424274216,-0.5953861619176124,0.5911754055963974,322.32884713355213,0.0033533290006544764,0.10600586772161467
0.1,0.75,continuous,,151,0.01120314612333596,0.014713213172343323,-0.017868770218515583,0.0402750624651875,0.44759312221772446,0.02122305651350028,0.0029331595998047686,1.2809363258018107,19291.141748309838,150,0.0,99.22244104596277,-0.2781295532997886,0.3005358455464605,135.9280474710398,0.007962958756946262,0.4632056657188259
0.1,0.9,binary,,338,-0.002037870407463936,0.01952154341267933,-0.04043729846060161,0.03636155764567374,0.9169212876580408,0.09013603525929836,0.01148955478229937,1.2644285089492722,11943.577625077316,337,0.0,97.17839988503597,-0.5938456109498129,0.589769870134885,323.26643072291074,0.003343429804286371,0.1058429996852684
0.1,0.9,continuous,,151,0.01120314612333596,0.014713213172343323,-0.017868770218515583,0.0402750624651875,0.44759312221772446,0.02122305651350028,0.0029331595998047686,1.2809363258018107,19291.141748309838,150,0.0,99.22244104596277,-0.2781295532997886,0.3005358455464605,135.9280474710398,0.007962958756946262,0.4632056657188259
0.15,0.6,binary,,322,-0.0030565462147412095,0.02035252924404514,-0.043097739940883964,0.03698464751140154,0.8807167938901015,0.09352589556617681,0.011802126129502034,1.2692723803393822,11847.75339892321,321,0.0,97.29062557945227,-0.6060593377097141,0.5999462452802318,308.4569285344788,0.003489058726587064,0.10924240166048992
0.15,0.6,continuous,,146,0.004677492499131022,0.01151293757803985,-0.018077363070981706,0.027432348069243752,0.6851348260696223,0.010248306170704932,0.0006996286020246037,1.468243751912029,4459.151065830948,145,0.0,96.74825997461515,-0.19670877464142805,0.2060637596396901,126.12187087238262,0.008808692564902675,0.4795453919873576
0.15,0.75,binary,,335,-0.0022614862518297116,0.019733612903454094,-0.04107931759357013,0.03655634508991071,0.9088304694357384,0.091417336749667,0.01164165677725903,1.2631400172354585,11892.343203215663,334,0.0,97.19147022338132,-0.5982895635993275,0.593766591095668,320.4459359928272,0.0033720219776019614,0.10757695737503412
0.15,0.75,continuous,,150,0.01130600143171481,0.01484260056496974,-0.018023172875842448,0.04063517573927207,0.447427284267495,0.02144463993184254,0.0030933556819176594,1.2808419706082514,19290.778342733265,149,0.0,99.22761022208248,-0.2795597813778424,0.30217178424127195,134.99661126420156,0.008020484958008754,0.4785567887032835
0.15,0.9,binary,,336,-0.0021930868026062813,0.019660342856211297,-0.040866369410944924,0.036480195805732356,0.9112480088549231,0.09096442511432642,0.011622333272035424,1.2637729268079703,11893.599150911801,335,0.0,97.1833589164276,-0.5967332636891468,0.5923470900839342,321.38365818021623,0.0033620067491339583,0.1074092297204062
0.15,0.9,continuous,,150,0.01130600143171481,0.01484260056496974,-0.018023172875842448,0.04063517573927207,0.447427284267495,0.02144463993184254,0.0030933556819176594,1.2808419706082514,19290.778342733265,149,0.0,99.22761022208248,-0.2795597813778424,0.30217178424127195,134.99661126420156,0.008020484958008754,0.4785567887032835
0.2,0.6,binary,,321,-0.003600360239561117,0.020420520656006455,-0.0437757941447106,0.03657507366558836,0.8601612313510364,0.09387072038049525,0.011798331918637946,1.2691167014741995,11839.4020257991,320,0.0,97.29716079154427,-0.6077249257643198,0.6005242052851976,307.4969423377004,0.0034999373880039175,0.10927433879511791
0.2,0.6,continuous,,146,0.004677492499131022,0.01151293757803985,-0.018077363070981706,0.027432348069243752,0.6851348260696223,0.010248306170704932,0.0006996286020246037,1.468243751912029,4459.151065830948,145,0.0,96.74825997461515,-0.19670877464142805,0.2060637596396901,126.12187087238262,0.008808692564902675,0.4795453919873576
0.2,0.75,binary,,333,-0.0027663208375078717,0.019871501438960035,-0.04185624794772932,0.036323606272713575,0.889368250211707,0.0922049050657542,0.011807734459691775,1.2623141879896467,11883.958599303374,332,0.0,97.20631810330052,-0.6013763098524427,0.5958436681774271,318.55195464676825,0.0033923252705589514,0.10906995046087824
0.2,0.75,continuous,,150,0.01130600143171481,0.01484260056496974,-0.018023172875842448,0.04063517573927207,0.447427284267495,0.02144463993184254,0.0030933556819176594,1.2808419706082514,19290.778342733265,149,0.0,99.22761022208248,-0.2795597813778424,0.30217178424127195,134.99661126420156,0.008020484958008754,0.4785567887032835
0.2,0.9,binary,,334,-0.002695854122436388,0.019797309320756403,-0.04163940745978863,0.03624769921491586,0.8917669976150657,0.09174554205979717,0.01178783101237726,1.2629520428700192,11885.220913017463,333,0.0,97.19820100579472,-0.599803087823922,0.5944113795790493,319.48965759928205,0.0033821892565556503,0.1088975386573267
0.2,0.9,continuous,,150,0.01130600143171481,0.01484260056496974,-0.018023172875842448,0.04063517573927207,0.447427284267495,0.02144463993184254,0.0030933556819176594,1.2808419706082514,19290.778342733265,149,0.0,99.22761022208248,-0.2795597813778424,0.30217178424127195,134.99661126420156,0.008020484958008754,0.4785567887032835
0.3,0.6,binary,,314,-0.008060712513701187,0.019910416366461153,-0.04723589065266272,0.031114465625260348,0.6858650334843086,0.08984994140228197,0.011783794282542477,1.2301315111105877,11740.41431227461,313,0.0,97.33399527755373,-0.5991470246558769,0.5830255996284744,300.48443883948846,0.0035863101273491565,0.10996259186664066
0.3,0.6,continuous,,144,0.005964395569235654,0.011605625258051014,-0.016976353330450784,0.02890514446892209,0.6080991858044149,0.010193066809667644,0.0006846801083275629,1.4786175025840582,4360.453699119898,143,0.0,96.72052474656793,-0.19493015689742382,0.2068589480358951,124.21518199623154,0.008936464231049712,0.4798467118826724
0.3,0.75,binary,,325,-0.007128079608981691,0.019455224347978004,-0.04540259094503251,0.031146431727069126,0.7143178165873642,0.08878446222994836,0.011795769152179307,1.2236080579261324,11784.838217865548,324,0.0,97.25070472746225,-0.5945778125170775,0.5803216532991142,310.5713884635707,0.0034837675363666035,0.10976934299524335
0.3,0.75,continuous,,148,0.012620769118418682,0.015020706947570454,-0.017063652274525505,0.04230519051136287,0.4021469328193517,0.02160247519015383,0.0030805986945434153,1.2847704815628949,19189.518923188636,147,0.0,99.23395682513768,-0.27937115435614474,0.3046126925929821,133.0825264445731,0.008129178417976184,0.4788568671228473
0.3,0.9,binary,,326,-0.007030566444582347,0.01938224808610063,-0.04516107077644971,0.031099937887285017,0.7170406876681207,0.08834812651171242,0.011775736601144473,1.2242097915272565,11786.097992312632,325,0.0,97.24251401768441,-0.5930249771823891,0.5789638442932244,311.5101272498307,0.0034730486252704945,0.109594714749724
0.3,0.9,continuous,,148,0.012620769118418682,0.015020706947570454,-0.017063652274525505,0.04230519051136287,0.4021469328193517,0.02160247519015383,0.0030805986945434153,1.2847704815628949,19189.518923188636,147,0.0,99.23395682513768,-0.27937115435614474,0.3046126925929821,133.0825264445731,0.008129178417976184,0.4788568671228473
