estimand,domain,label,k,estimate,se,ci_lo,ci_hi,p,tau2,tau2_dl,hk_q,Q,Q_df,Q_p,I2,pi_lo,pi_hi,effective_k,max_re_weight,max_fe_weight
binary,environment_energy,environment_energy,43,-0.0313461144497442,0.03563838921640019,-0.10326729564528356,0.04057506674579516,0.3841024388325957,0.03350783409126453,0.029731789995850143,1.326652279273764,3159.8610871006063,42,0.0,98.67082764582737,-0.4079671087733125,0.34527487987382405,39.75251413748242,0.02852734084015876,0.16560559897752053
binary,finance_governance,finance_governance,34,-0.06431031953215698,0.10076933495964072,-0.2693270730213424,0.14070643395702848,0.5277521076611049,0.1723039332774698,0.015274431374980626,1.6437247496856333,426.79225777190766,33,5.534037332766467e-70,92.26790097545857,-0.9343894244404861,0.8057687853761722,31.13765257873424,0.03584558076627793,0.6021959514137927
binary,health_human_capital,health_human_capital,39,0.0314601027045702,0.0373371170680104,-0.04412493918520803,0.10704514459434843,0.4047267686045653,0.04327990444512872,0.02298606734438475,0.9622657664469693,921.431447051423,38,1.165267234580341e-168,95.87598186261171,-0.39680032280864075,0.4597205282177811,35.77144703452591,0.032131574458052675,0.21680861021042327
binary,housing_infrastructure,housing_infrastructure,35,0.016984425937117662,0.02996121325104233,-0.043904085184810385,0.07787293705904572,0.5745191104011396,0.01462618774429653,0.011372589062695245,1.6236719290121266,454.3457706415023,34,5.658715849399539e-75,92.51671255748798,-0.23650558314674394,0.2704744350209793,31.030517686195736,0.03751161966732603,0.2149868080981327
binary,labor_income,labor_income,81,0.008457703730498638,0.042513666278001315,-0.07614718843277044,0.0930625958937677,0.8428137760945933,0.09374598156831315,0.006327872062469319,1.4372529115385964,1900.0992056672978,80,0.0,95.7896935190863,-0.6068245311868454,0.6237399386478426,78.90423764210362,0.013413025267034565,0.3111546130929632
binary,other,other,6,-0.03191894984664993,0.05435692014355789,-0.17164786140881355,0.10780996171551367,0.5825760165710908,0.015391931394539704,0.013370201876174787,0.9052458862653874,113.21673555934491,5,8.559318640109571e-23,95.58369177904873,-0.40798745197976816,0.34414955228646826,5.829584650659722,0.19006390211315624,0.5238849660600505
binary,regulation_competition,regulation_competition,77,-0.013649410512241703,0.051720903267852766,-0.11666051689690526,0.08936169587242185,0.7925673170253422,0.1908888741484058,0.011197197689276645,1.012807376049921,4106.0383693550475,76,0.0,98.14906746689906,-0.8900926918250468,0.8627938708005635,76.07837636048129,0.013835799319150228,0.2675133007593149
binary,taxation_prices,taxation_prices,20,0.02784980897130556,0.04137933621726073,-0.05875813708687006,0.11445775502948119,0.5090281754203232,0.024353882419965937,0.024532616224110154,1.073323668588645,576.860060283197,19,3.8291709355837495e-110,96.70630690038197,-0.31134424562147944,0.3670438635640906,17.612829988154143,0.06505262369522709,0.2266386764481306
continuous,environment_energy,environment_energy,16,-0.028501392750731054,0.03069038168637355,-0.09391639284920802,0.03691360734774591,0.36776156930024745,0.009836524499361909,0.004253505596124357,1.1884468931706713,413.8138496447504,15,8.623069223002219e-79,96.37518173621372,-0.2511714075038593,0.19416862200239718,13.656070984799376,0.08044096578956376,0.48563673097843213
continuous,finance_governance,finance_governance,20,0.003661739465509268,0.031686053288930885,-0.06265793225748657,0.06998141118850511,0.9092114212115125,0.009544972091087152,0.0012306626236639265,1.6214306579243045,213.6419292232923,19,6.469169705812448e-35,91.10661466638332,-0.2121202196427895,0.21944369857380802,16.925614159661457,0.06476432830785302,0.32097040739100685
continuous,health_human_capital,health_human_capital,21,0.045957091447099675,0.04951088250314115,-0.057320799696327786,0.14923498259052714,0.3643601772209208,0.0289572851718858,0.0016148293722814935,1.3558299582638345,337.7544202750523,20,1.4776428342402458e-59,94.07853789634703,-0.3249785771514491,0.4168927600456485,17.649557667480487,0.062424042199144575,0.5434042668759762
continuous,housing_infrastructure,housing_infrastructure,9,-0.00568144867078633,0.008117849480353953,-0.02440124314144753,0.013038345799874873,0.5038473161825434,6.714851618059438e-05,0.00020005060499947113,2.140920955336374,19.528871095323666,8,0.0122732982845192,59.03501046757557,-0.032956545983013195,0.02159364864144054,3.7640142661809923,0.37727004249732354,0.6432561682629925
continuous,labor_income,labor_income,36,0.035152291457166335,0.038716596020106804,-0.043446577078118165,0.11375115999245083,0.37012008837971994,0.049065405634725286,0.010707035606128297,0.9881078195883692,15480.910164009863,35,0.0,99.77391510170139,-0.42182887721809936,0.4921334601324321,34.28596065010493,0.030550387801671988,0.8312544861237602
continuous,regulation_competition,regulation_competition,31,-0.016013697644896668,0.016378842539628458,-0.04946375662967488,0.017436361339881547,0.3360384483366671,0.004717600375712411,0.001872751813892618,1.328130742545322,2683.4352580604473,30,0.0,98.88203004302464,-0.16042873501889574,0.12840133972910242,26.62538488343462,0.042808486721528954,0.5667126586089954
continuous,taxation_prices,taxation_prices,14,0.0032040884905386855,0.010039350581720953,-0.018484609837452752,0.024892786818530126,0.7546808413987919,0.00046471389398058835,0.00011765102230215284,1.2036853237044953,39.56599359789999,13,0.00016231146919418448,67.14350173506071,-0.04860872443887073,0.055016901419948104,7.999551164656114,0.17931432000464265,0.7573949465842237
