column,variable,coefficient,se_hc3,p,n
1,const,17.577430693041343,0.8179645012813307,1.8513923380626545e-76,620
1,log_se,-0.7517189571476313,0.20422684061137145,0.0002533731957473976,620
1,method=Event Study,0.5716026998213246,1.07327733872185,0.5945230257104563,620
1,method=IV,1.6871104722871126,1.3750155754357436,0.22031141585271596,620
1,method=RDD,1.40362403471385,0.8072126779553458,0.08257186607917352,620
1,method=Unknown,3.7880130335491238,1.8081786278690146,0.03659426015088689,620
1,region=East Asia,-1.3547622895826728,1.2180010915722221,0.26646033142647313,620
1,region=Latin America,1.4006013030656896,1.3544137935148153,0.30150395738642183,620
1,region=Missing,1.133985935565581,1.9949180463839737,0.5699500058890274,620
1,region=Other,-0.28897632423940056,1.4397369829538063,0.8409894845184983,620
1,region=Other / not stated,-1.425901944635433,1.6711620985520272,0.3938657158617086,620
1,region=South Asia,-3.608275177153548,1.4907450826180482,0.015796179359446973,620
1,region=Western Europe,-0.7276427180414313,0.6115272388067545,0.2345634502101156,620
1,pub_week=11.0,-1.9344748965504182,1.964380953780665,0.3251298094560255,620
1,pub_week=12.0,-1.6214403077626016,0.8205009733573415,0.04859288101672783,620
1,pub_week=14.0,1.4400725587639487,0.66530820463852,0.03081687431987207,620
1,pub_week=15.0,2.084146460271468,0.9930738760581348,0.03626092550132877,620
1,estimand=continuous,-1.7366266913788686,0.6105096030017005,0.004598553402407855,620
2,const,15.518878488586122,1.19679330458693,4.429560702432933e-34,620
2,log_se,-0.7723710777470723,0.20308513064060021,0.00015744027118926225,620
2,design_strength,1.0780675217189466,0.49157730093533925,0.028684175447456894,620
2,method=Event Study,0.3127396797715125,1.0795648350097662,0.7721529346748273,620
2,method=IV,1.2636008911364534,1.3654911931942275,0.35513868552813527,620
2,method=RDD,0.6652899623015653,0.8946651605537392,0.45739764156277607,620
2,method=Unknown,3.934577446169156,1.831200937266898,0.03206239775146853,620
2,region=East Asia,-0.9900643913344149,1.2416582458389818,0.4255495156711967,620
2,region=Latin America,1.4441654700825821,1.3381403853486764,0.2809167328118093,620
2,region=Missing,1.8347802314195016,1.9782225363694979,0.35404486332676116,620
2,region=Other,-0.17860242670816706,1.433463701339661,0.9008858390805061,620
2,region=Other / not stated,-1.2593745822935292,1.6926112393504944,0.4571415996757156,620
2,region=South Asia,-3.410195640246577,1.5304144793755916,0.02623088193511586,620
2,region=Western Europe,-0.5750204667881298,0.6198112260337733,0.3539175553438544,620
2,pub_week=11.0,-2.3793627030870583,1.9491229108761026,0.22266505491404842,620
2,pub_week=12.0,-1.7272782032157945,0.8035627198151319,0.03199131373846288,620
2,pub_week=14.0,1.4270425035254235,0.6666373805229512,0.032703377043870885,620
2,pub_week=15.0,2.100514574235536,1.0065297883981386,0.03731909547826752,620
2,estimand=continuous,-1.5146092251961858,0.6191995843055222,0.014727697632824863,620
3,const,12.268014484435163,1.7142768521190022,2.439507990003794e-12,620
3,log_se,-0.693292685538363,0.2011803783832966,0.0006086376656165034,620
3,design_strength,1.1653333332505174,0.5066344629511204,0.021783933807303955,620
3,policy_intensity,1.0389978020079507,0.5396197099544444,0.054650772066231965,620
3,parallel_trends_tested,-3.5625579653101846,1.848677246620624,0.054443274436299975,620
3,reports_robustness,-2.272318109025374,1.073463831949001,0.03468909074151729,620
3,data_source_official,2.57032326149449,1.2280284546889249,0.03676628479286507,620
3,method=Event Study,0.6421433660584073,1.0751959936099376,0.5505777495225209,620
3,method=IV,1.4602448359830855,1.4169527530694659,0.30316783020114135,620
3,method=RDD,0.8438059264951807,0.8840482468111648,0.3402272926286385,620
3,method=Unknown,4.650206779556049,1.9146119880361179,0.015443123458702971,620
3,region=East Asia,-1.3444087248444652,1.22293294868432,0.27206660858590354,620
3,region=Latin America,1.056077193088082,1.3334365324735609,0.42867723821840104,620
3,region=Missing,3.0921643355689645,1.8901118295498491,0.10237313382384328,620
3,region=Other,0.023937526030504475,1.4677706723108472,0.9869935142293602,620
3,region=Other / not stated,-0.6914536018647328,1.6167463041940067,0.6690367422864797,620
3,region=South Asia,-2.3059830503950414,1.6569010727521496,0.16451806423894216,620
3,region=Western Europe,-0.6774900049649344,0.6262094347257705,0.2797380155376055,620
3,pub_week=11.0,-3.63808340633476,1.8540211611768913,0.05019557327243932,620
3,pub_week=12.0,-1.8631438516708532,0.8011465313663235,0.020374184612791717,620
3,pub_week=14.0,1.5810595189356138,0.6619804977784318,0.017232691513881994,620
3,pub_week=15.0,2.218513801097096,0.9675987940969746,0.022206167140978197,620
3,estimand=continuous,-1.8881372088846697,0.6228895891877027,0.00254092268288123,620
4,const,11.985656500519184,1.9759361807841294,2.346651919195527e-09,620
4,log_se,-0.6439577673613468,0.2050029837775633,0.0017667654971447243,620
4,design_strength,1.2156169686484297,0.5063361129128076,0.016667393396504297,620
4,policy_intensity,1.077897383854883,0.5600490021360844,0.05475390255928625,620
4,parallel_trends_tested,-3.810566241849825,1.979020409155717,0.05464950964194386,620
4,reports_robustness,-2.163823935881348,1.0901350305657072,0.04761674793161233,620
4,data_source_official,2.6944415480388484,1.359152944993256,0.047893261130969304,620
4,method=Event Study,0.5466228857019554,1.1184385360638087,0.6252091437255557,620
4,method=IV,1.6018569275665766,1.401744646684051,0.2536019877812589,620
4,method=RDD,1.0005219135818497,0.906802368050402,0.2703242911436037,620
4,method=Unknown,4.574403424040325,1.940069138368582,0.018706241344612545,620
4,region=East Asia,-1.7150864758040054,1.2971942886819063,0.18663027609028954,620
4,region=Latin America,1.1674441330754517,1.316549675627416,0.3755773880306654,620
4,region=Missing,2.8842489450510533,1.9917386553244634,0.14811855874227348,620
4,region=Other,-0.5037747669317654,1.470885103406164,0.7320983521818261,620
4,region=Other / not stated,-0.5889232521898013,1.7774686936197819,0.740515196327873,620
4,region=South Asia,-2.2516112075280224,1.7343723301550906,0.19471614428901005,620
4,region=Western Europe,-0.7907049990371285,0.6385170857739062,0.21608033140788613,620
4,pub_week=11.0,-3.5973200112817967,1.944130119219891,0.06476293500781784,620
4,pub_week=12.0,-1.7513703916771974,0.8277953634203804,0.03478829904500396,620
4,pub_week=14.0,1.72560501050548,0.670654244773293,0.010324810635426106,620
4,pub_week=15.0,2.2111743546508804,0.9967448822704527,0.026907775917511416,620
4,estimand=continuous,-1.8622196357599687,0.6229783797988245,0.0029133625318016644,620
4,policy_family=environment_energy,0.6365863185203171,0.9345889773210125,0.4960498944946273,620
4,policy_family=finance_governance,-0.7512061004320012,0.9338947222724859,0.42150162426418497,620
4,policy_family=health_human_capital,-1.1338862951410753,0.8427765009551893,0.1790072729831825,620
4,policy_family=housing_infrastructure,-0.0017793777199415217,0.9094406785306547,0.9984395511648805,620
4,policy_family=labor_income,0.8356798728275163,0.7848302435753886,0.2874062614615219,620
4,policy_family=other,0.3170929574078887,2.079525555886151,0.8788578768629872,620
4,policy_family=taxation_prices,1.5253129802553478,0.90373167419025,0.0919792578855006,620
