variable,description,origin,units_or_coding,missing,nonmissing
paper_version_id,Latest selected paper-version identifier,APE filename,string,Blank CSV / null JSON when source unavailable; direction-oriented effect additionally missing when direction unassigned.,699
paper_family_id,"Paper-family identifier, unit of observation",APE filename,string,Blank CSV / null JSON when source unavailable; direction-oriented effect additionally missing when direction unassigned.,699
version,"Latest source version with designated table, no parseable-version fallback",APE filename,v plus integer,Blank CSV / null JSON when source unavailable; direction-oriented effect additionally missing when direction unassigned.,699
sde,"Reported selected standardized estimate, including excluded observations",Source table,outcome SD; continuous exposure also scaled by SD(X),Blank CSV / null JSON when source unavailable; direction-oriented effect additionally missing when direction unassigned.,692
se_sde,Reported SE of the selected SDE; parenthesized errors are positive,Source table,same units as SDE,Blank CSV / null JSON when source unavailable; direction-oriented effect additionally missing when direction unassigned.,678
beta,Reported selected coefficient before standardization,Source table,original outcome / exposure units,Blank CSV / null JSON when source unavailable; direction-oriented effect additionally missing when direction unassigned.,684
se,Reported coefficient standard error before standardization,Source table,same units as beta,Blank CSV / null JSON when source unavailable; direction-oriented effect additionally missing when direction unassigned.,613
sd_x,Reported exposure SD; not recovered from the effect,Source table,original exposure units,Blank CSV / null JSON when source unavailable; direction-oriented effect additionally missing when direction unassigned.,40
sd_y,Reported outcome SD,Source table,original outcome units,Blank CSV / null JSON when source unavailable; direction-oriented effect additionally missing when direction unassigned.,688
valid,Passes source row validity and absolute SDE <=5 screen; not causal validation,parse_sde.validity,boolean,Blank CSV / null JSON when source unavailable; direction-oriented effect additionally missing when direction unassigned.,699
invalid_reason,Extraction/validity outcome including ok; screens overlap later,Parser,string,Blank CSV / null JSON when source unavailable; direction-oriented effect additionally missing when direction unassigned.,699
classification,Source magnitude-only label; no welfare meaning,Source table,string,Blank CSV / null JSON when source unavailable; direction-oriented effect additionally missing when direction unassigned.,691
outcome_label,Short selected-row outcome label,Source table,string,Blank CSV / null JSON when source unavailable; direction-oriented effect additionally missing when direction unassigned.,692
estimand,"Declared standardization, classified from notes and formula",Parser,binary / continuous / unknown,Blank CSV / null JSON when source unavailable; direction-oriented effect additionally missing when direction unassigned.,692
method,Source methodological category,APE metadata,string,Blank CSV / null JSON when source unavailable; direction-oriented effect additionally missing when direction unassigned.,697
country,Parsed country label from table notes,Parser,string; abbreviations normalized by code,Blank CSV / null JSON when source unavailable; direction-oriented effect additionally missing when direction unassigned.,596
region,Broad region constructed from parsed source country,Parser,string; missing if unknown,Blank CSV / null JSON when source unavailable; direction-oriented effect additionally missing when direction unassigned.,596
published_at,Source publication timestamp,APE metadata,ISO timestamp UTC,Blank CSV / null JSON when source unavailable; direction-oriented effect additionally missing when direction unassigned.,697
study_year_start,First matched study-period start in source notes; not an independently verified window,Parser,calendar year,Blank CSV / null JSON when source unavailable; direction-oriented effect additionally missing when direction unassigned.,548
study_year_end,Matched study-period end in source notes,Parser,calendar year,Blank CSV / null JSON when source unavailable; direction-oriented effect additionally missing when direction unassigned.,548
n_obs,Sample-size value recovered from source sample notes where recognized,Parser,count; units depend on paper,Blank CSV / null JSON when source unavailable; direction-oriented effect additionally missing when direction unassigned.,43
row_index,"Index of selected parsed data row within its table, zero-based",Parser,integer,Blank CSV / null JSON when source unavailable; direction-oriented effect additionally missing when direction unassigned.,692
n_cells,Cell count in selected source row,Parser,integer,Blank CSV / null JSON when source unavailable; direction-oriented effect additionally missing when direction unassigned.,692
n_header_cells,Cell count in source header,Parser,integer,Blank CSV / null JSON when source unavailable; direction-oriented effect additionally missing when direction unassigned.,692
n_rows_in_table,Number of numeric rows recognized by parser,Parser,integer,Blank CSV / null JSON when source unavailable; direction-oriented effect additionally missing when direction unassigned.,692
standardization_ambiguous,"Selected outcome label matches bunching, excess mass or elasticity",Parser,boolean,Blank CSV / null JSON when source unavailable; direction-oriented effect additionally missing when direction unassigned.,692
source_path,Immutable source-relative latest table path,APE filename,string; URL constructed with provenance tree SHA,Blank CSV / null JSON when source unavailable; direction-oriented effect additionally missing when direction unassigned.,699
title,Source paper title,APE metadata,string,Blank CSV / null JSON when source unavailable; direction-oriented effect additionally missing when direction unassigned.,697
has_numeric_sde,Latest source table produced a numeric parsed primary SDE,Parser,boolean,Blank CSV / null JSON when source unavailable; direction-oriented effect additionally missing when direction unassigned.,699
sde_identity,Non-circular beta standardization check; 10% relative discrepancy with 0.02 floor,build_dataset.identity,pass / fail / untestable,Blank CSV / null JSON when source unavailable; direction-oriented effect additionally missing when direction unassigned.,699
se_identity,Non-circular SE standardization check; 15% relative discrepancy with 0.0001 floor,build_dataset.identity,pass / fail / untestable,Blank CSV / null JSON when source unavailable; direction-oriented effect additionally missing when direction unassigned.,699
table_sha256,SHA256 of complete source table after LF newline normalization,Frozen source,hexadecimal string,Blank CSV / null JSON when source unavailable; direction-oriented effect additionally missing when direction unassigned.,699
mu,"TrueSkill mean, sole tournament rating outcome",Frozen leaderboard,rating points,Blank CSV / null JSON when source unavailable; direction-oriented effect additionally missing when direction unassigned.,698
sigma,Source TrueSkill rating uncertainty,Frozen leaderboard,rating points,Blank CSV / null JSON when source unavailable; direction-oriented effect additionally missing when direction unassigned.,698
matches,Source tournament match count,Frozen leaderboard,count,Blank CSV / null JSON when source unavailable; direction-oriented effect additionally missing when direction unassigned.,698
valid_matches,Source count of valid tournament matches,Frozen leaderboard,count,Blank CSV / null JSON when source unavailable; direction-oriented effect additionally missing when direction unassigned.,698
scan_verdict,"Source automated integrity verdict, not independent verification",Frozen leaderboard,CLEAN / SUSPICIOUS / SEVERE / missing,Blank CSV / null JSON when source unavailable; direction-oriented effect additionally missing when direction unassigned.,697
is_annulled,Source annulment flag,Frozen leaderboard,boolean,Blank CSV / null JSON when source unavailable; direction-oriented effect additionally missing when direction unassigned.,698
authoring_model,Source authoring-model label; fixed production cohort,APE metadata / leaderboard,string; not used as an intelligence-index regressor,Blank CSV / null JSON when source unavailable; direction-oriented effect additionally missing when direction unassigned.,1
sde_raw,Alias of reported sde retained for analysis,Constructed,same units as sde,Blank CSV / null JSON when source unavailable; direction-oriented effect additionally missing when direction unassigned.,692
welfare_sign,Legacy variable name for favourable-outcome direction; not a welfare estimate,orientation.orientation,-1 lower favourable / +1 higher favourable / 0 unresolved,Blank CSV / null JSON when source unavailable; direction-oriented effect additionally missing when direction unassigned.,699
sign_reason,Reason returned by explicit direction rule,orientation.orientation,string,Blank CSV / null JSON when source unavailable; direction-oriented effect additionally missing when direction unassigned.,699
sign_margin,Signed higher-benefits minus lower-benefits probability gap; thresholds use its absolute value,orientation.orientation,-1 to 1,Blank CSV / null JSON when source unavailable; direction-oriented effect additionally missing when direction unassigned.,692
goal_sign,Explicit stated-policy-objective direction kept separate from benefits,orientation.orientation,-1 decrease / +1 increase / 0 unresolved,Blank CSV / null JSON when source unavailable; direction-oriented effect additionally missing when direction unassigned.,699
routes_agree,"Whether assigned favourable direction agrees with explicit stated objective; same model, not validation",orientation.orientation,boolean; false if either unclassified,Blank CSV / null JSON when source unavailable; direction-oriented effect additionally missing when direction unassigned.,699
annotation_model,Returned pinned Jev annotation-model identifier,Annotation API response,string,Blank CSV / null JSON when source unavailable; direction-oriented effect additionally missing when direction unassigned.,692
request_sha256,"Hash of sorted JSON model, questions and sanitized state",jev_enrich.fingerprint,hexadecimal string,Blank CSV / null JSON when source unavailable; direction-oriented effect additionally missing when direction unassigned.,692
sde_welfare,Legacy name for favourable-direction SDE; missing if sign unresolved,Constructed: sde_raw * welfare_sign only when nonzero,outcome SD; not net welfare,Blank CSV / null JSON when source unavailable; direction-oriented effect additionally missing when direction unassigned.,521
sde_goal,"Outcome movement towards explicit stated objective, when known",Constructed: sde_raw * goal_sign only when nonzero,same standardized units,Blank CSV / null JSON when source unavailable; direction-oriented effect additionally missing when direction unassigned.,33
abs_sde,Absolute reported standardized estimate,Constructed,same units as sde,Blank CSV / null JSON when source unavailable; direction-oriented effect additionally missing when direction unassigned.,692
notes_strict_sign,"Original notes-only direction with margin .20, support .60, opposite <=.40, ambiguity <.60",Contextual-direction construction,-1 / 0 / +1,Blank CSV / null JSON if source or annotation unavailable.,699
notes_relaxed_sign,"Original notes answers under balanced thresholds, before context or semantic safeguards",Contextual-direction construction,-1 / 0 / +1,Blank CSV / null JSON if source or annotation unavailable.,699
context_strict_sign,Contextual answers under original strict probability restrictions plus measurement safeguards,Contextual-direction construction,-1 / 0 / +1,Blank CSV / null JSON if source or annotation unavailable.,699
context_unguarded_sign,Contextual answers under balanced restrictions without semantic safeguards,Contextual-direction construction,-1 / 0 / +1,Blank CSV / null JSON if source or annotation unavailable.,699
direction_annotation_model,Returned pinned model for contextual direction questions,Contextual-direction construction,string,Blank CSV / null JSON if source or annotation unavailable.,692
direction_request_sha256,"Hash of contextual model, questions and sanitized outcome-relevant state",Contextual-direction construction,hexadecimal string,Blank CSV / null JSON if source or annotation unavailable.,692
direction_context_characters,Length of selected extra paper context; zero if unavailable,Contextual-direction construction,characters,Blank CSV / null JSON if source or annotation unavailable.,692
direction_context_sha256,Hash of selected extra paper context; original prose is not redistributed,Contextual-direction construction,hexadecimal string,Blank CSV / null JSON if source or annotation unavailable.,692
duplicate_of,"First sorted latest-family identifier with identical table hash, if repeated",Constructed,string; blank for first occurrence,Blank CSV / null JSON when source unavailable; direction-oriented effect additionally missing when direction unassigned.,8
comparable_before_dedup,"Valid, positive SE, known estimand, unambiguous non-bunching normalization",Constructed,boolean,Blank CSV / null JSON when source unavailable; direction-oriented effect additionally missing when direction unassigned.,699
standardized_sample,Comparable-before-dedup and first occurrence of table hash,Constructed,boolean,Blank CSV / null JSON when source unavailable; direction-oriented effect additionally missing when direction unassigned.,699
rated,"Nonmissing mu, positive valid matches and not annulled; main rating sample also requires standardized_sample",Constructed,boolean,Blank CSV / null JSON when source unavailable; direction-oriented effect additionally missing when direction unassigned.,699
pub_week,ISO week of source publication timestamp,Constructed,integer,Blank CSV / null JSON when source unavailable; direction-oriented effect additionally missing when direction unassigned.,697
study_year_mid,"Midpoint of parsed study start and end, where both present",Constructed,calendar year,Blank CSV / null JSON when source unavailable; direction-oriented effect additionally missing when direction unassigned.,548
acknowledges_limitation,"Does the state explicitly acknowledge a limitation, caveat, or threat to the validity of its own results?",Author annotation; exact question in code/jev_questions.py or code/jev_enrich.py,probability 0 to 1,Blank CSV / null JSON when source unavailable; direction-oriented effect additionally missing when direction unassigned.,692
data_source_official,"Is the main data source an official statistical or administrative source, such as a national statistics office, a statistical agency, tax authority, regulator, or official register?",Author annotation; exact question in code/jev_questions.py or code/jev_enrich.py,probability 0 to 1,Blank CSV / null JSON when source unavailable; direction-oriented effect additionally missing when direction unassigned.,692
design_strength,How credible is the causal identification strategy actually described in the state?,Author annotation; exact question in code/jev_questions.py or code/jev_enrich.py,"score; [""No credible strategy: only correlations, descriptive differences, or an uncontrolled before/after comparison."", ""Weak: a control-group comparison or a simple difference-in-differences with no evidence on the identifying assumption."", ""Moderate: difference-in-differences or a regression design with a stated, plausible source of exogenous variation and a stated identifying assumption."", ""Strong: a regression discontinuity, instrumental variable, randomised assignment, or a natural experiment with a credible source of variation."", ""Very strong: randomised assignment, or a design whose identifying assumption is directly tested and confirmed in the text.""]",Blank CSV / null JSON when source unavailable; direction-oriented effect additionally missing when direction unassigned.,692
direction_ambiguous,"Assess ONLY the conventionally favourable direction of `selected_outcome` for the people or group it measures, holding other outcomes and policy costs aside. This is an outcome-direction proxy, not net welfare, policy success, or the sign of an estimate. Does this measured outcome itself lack a conventional favourable ordering, because its meaning/beneficiary is unknown, it is political or compositional, or both high and low values are desirable in different circumstances? Do not mark it ambiguous merely because a policy has other costs, affects other outcomes or has imperfect identification. Judge the selected measured outcome by itself. A reporting/enforcement count can remain ambiguous even when underlying harm is undesirable.",Contextual Jev question in code/jev_direction.py,probability 0 to 1,Blank CSV / null JSON when source unavailable; direction-oriented effect additionally missing when direction unassigned.,692
effect_is_direct,"Is the measured outcome an outcome the policy directly acts on, such as the price, quantity, or eligibility the policy itself changes, rather than a downstream market or general-equilibrium outcome?",Author annotation; exact question in code/jev_questions.py or code/jev_enrich.py,probability 0 to 1,Blank CSV / null JSON when source unavailable; direction-oriented effect additionally missing when direction unassigned.,692
few_clusters,"Based on the stated sample, does the analysis rely on a small number of independent clusters, for example fewer than 30 regions, states, firms or localities?",Author annotation; exact question in code/jev_questions.py or code/jev_enrich.py,probability 0 to 1,Blank CSV / null JSON when source unavailable; direction-oriented effect additionally missing when direction unassigned.,692
goal_decrease,"Do the source descriptions explicitly identify decreasing the selected outcome as a policy objective? A research question or hypothesized coefficient alone is insufficient. This question concerns stated intent, not beneficiary welfare.",Contextual Jev question in code/jev_direction.py,probability 0 to 1,Blank CSV / null JSON when source unavailable; direction-oriented effect additionally missing when direction unassigned.,692
goal_increase,"Do the source descriptions explicitly identify increasing the selected outcome as a policy objective? A research question or hypothesized coefficient alone is insufficient. This question concerns stated intent, not beneficiary welfare.",Contextual Jev question in code/jev_direction.py,probability 0 to 1,Blank CSV / null JSON when source unavailable; direction-oriented effect additionally missing when direction unassigned.,692
higher_benefits,"Assess ONLY the conventionally favourable direction of `selected_outcome` for the people or group it measures, holding other outcomes and policy costs aside. This is an outcome-direction proxy, not net welfare, policy success, or the sign of an estimate. Is a higher value conventionally favourable? Higher income, employment, survival, learning or access to a clearly beneficial service can qualify. Outcome definitions and beneficiaries matter. Political vote shares, population composition, migration flows, tax revenue, administrative activity, and prices without a specified beneficiary have no automatic favourable ordering.",Contextual Jev question in code/jev_direction.py,probability 0 to 1,Blank CSV / null JSON when source unavailable; direction-oriented effect additionally missing when direction unassigned.,692
instrument_type,Which single mechanism does the policy use to change behaviour?,Author annotation; exact question in code/jev_questions.py or code/jev_enrich.py,"choice among price, quantity_restriction, information, direct_transfer, public_provision, infrastructure, enforcement, other",Blank CSV / null JSON when source unavailable; direction-oriented effect additionally missing when direction unassigned.,692
conf_instrument_type,Returned confidence for choice question instrument_type; not an independently calibrated error rate,Jev response,0 to 1,Blank CSV / null JSON when source unavailable; direction-oriented effect additionally missing when direction unassigned.,692
lower_benefits,"Assess ONLY the conventionally favourable direction of `selected_outcome` for the people or group it measures, holding other outcomes and policy costs aside. This is an outcome-direction proxy, not net welfare, policy success, or the sign of an estimate. Is a lower value conventionally favourable? Lower mortality, illness, victimization, unemployment or harmful pollution can qualify. Distinguish harmful incidents from their reporting or enforcement, and beneficial services from burdens. Lower spending, use, counts or prices without a beneficiary have no automatic favourable ordering.",Contextual Jev question in code/jev_direction.py,probability 0 to 1,Blank CSV / null JSON when source unavailable; direction-oriented effect additionally missing when direction unassigned.,692
outcome_domain,Which single domain does the measured outcome variable belong to?,Author annotation; exact question in code/jev_questions.py or code/jev_enrich.py,"choice among labour_market, income_distribution, health, education, prices_cost, environment, crime_safety, behaviour_compliance, political_attitudinal, administrative_process, other",Blank CSV / null JSON when source unavailable; direction-oriented effect additionally missing when direction unassigned.,692
conf_outcome_domain,Returned confidence for choice question outcome_domain; not an independently calibrated error rate,Jev response,0 to 1,Blank CSV / null JSON when source unavailable; direction-oriented effect additionally missing when direction unassigned.,692
outcome_horizon,What is the longest time horizon over which the outcome is measured?,Author annotation; exact question in code/jev_questions.py or code/jev_enrich.py,"choice among short_run, medium_run, long_run, mixed, unclear",Blank CSV / null JSON when source unavailable; direction-oriented effect additionally missing when direction unassigned.,692
conf_outcome_horizon,Returned confidence for choice question outcome_horizon; not an independently calibrated error rate,Jev response,0 to 1,Blank CSV / null JSON when source unavailable; direction-oriented effect additionally missing when direction unassigned.,692
outcome_is_monetary,Is the measured outcome expressed in currency units or in logs of currency units?,Author annotation; exact question in code/jev_questions.py or code/jev_enrich.py,probability 0 to 1,Blank CSV / null JSON when source unavailable; direction-oriented effect additionally missing when direction unassigned.,692
parallel_trends_tested,Does the state describe a pre-treatment or placebo test that checks and supports the identifying assumption of the design?,Author annotation; exact question in code/jev_questions.py or code/jev_enrich.py,probability 0 to 1,Blank CSV / null JSON when source unavailable; direction-oriented effect additionally missing when direction unassigned.,692
policy_family,Which single policy domain best describes the evaluated policy?,Author annotation; exact question in code/jev_questions.py or code/jev_enrich.py,"choice among health_human_capital, labor_income, environment_energy, taxation_prices, regulation_competition, housing_infrastructure, finance_governance, other",Blank CSV / null JSON when source unavailable; direction-oriented effect additionally missing when direction unassigned.,692
conf_policy_family,Returned confidence for choice question policy_family; not an independently calibrated error rate,Jev response,0 to 1,Blank CSV / null JSON when source unavailable; direction-oriented effect additionally missing when direction unassigned.,692
policy_intensity,How large and binding is the policy intervention described in the state?,Author annotation; exact question in code/jev_questions.py or code/jev_enrich.py,"score; [""Symbolic or not yet implemented: the policy is announced, optional, or effectively absent."", ""Small: applies to a narrow group, a small dose, or a short period."", ""Substantial: applies to a broad group or a meaningful dose."", ""Maximum: a sweeping national ban, a large price change, or near-universal coverage.""]",Blank CSV / null JSON when source unavailable; direction-oriented effect additionally missing when direction unassigned.,692
reports_placebo,"Does the state describe a placebo, false, or otherwise falsification test being reported?",Author annotation; exact question in code/jev_questions.py or code/jev_enrich.py,probability 0 to 1,Blank CSV / null JSON when source unavailable; direction-oriented effect additionally missing when direction unassigned.,692
reports_robustness,"Does the state describe robustness checks, such as alternative specifications, alternative samples, alternative controls, or alternative inference?",Author annotation; exact question in code/jev_questions.py or code/jev_enrich.py,probability 0 to 1,Blank CSV / null JSON when source unavailable; direction-oriented effect additionally missing when direction unassigned.,692
selection_on_unobservables,"Is it plausible that units differ on unobservable characteristics that also affect the outcome, such that treated and comparison units are not comparable in levels?",Author annotation; exact question in code/jev_questions.py or code/jev_enrich.py,probability 0 to 1,Blank CSV / null JSON when source unavailable; direction-oriented effect additionally missing when direction unassigned.,692
target_population,Which group is the policy aimed at or most directly affects?,Author annotation; exact question in code/jev_questions.py or code/jev_enrich.py,"choice among children_youth, working_age, unemployed, elderly_retired, low_income, firms_industry, general_public, migrants_minority, none",Blank CSV / null JSON when source unavailable; direction-oriented effect additionally missing when direction unassigned.,692
conf_target_population,Returned confidence for choice question target_population; not an independently calibrated error rate,Jev response,0 to 1,Blank CSV / null JSON when source unavailable; direction-oriented effect additionally missing when direction unassigned.,692
uses_random_assignment,"Does the study involve random assignment of the policy to units, for example an experiment or randomised trial?",Author annotation; exact question in code/jev_questions.py or code/jev_enrich.py,probability 0 to 1,Blank CSV / null JSON when source unavailable; direction-oriented effect additionally missing when direction unassigned.,692
administrative_detection,"Is the selected outcome primarily a count/rate of detection, reporting, arrests, convictions, penalties, litigation or enforcement actions, rather than the incidence of underlying harm or a directly measured burden on an identified beneficiary? Answer only this literal measurement question; do not evaluate whether the policy succeeds.",Contextual Jev question in code/jev_direction.py,probability 0 to 1,Blank CSV / null JSON if annotation unavailable.,692
gross_activity,"Is the selected outcome gross financial trading/transaction volume or an administrative workflow count (applications decided, permits processed), without measuring the amount of a final beneficial service accessed or a direct income/health/learning outcome? Do not include employment, earnings, completed housing supply or actual beneficial service enrollment. Answer only this literal measurement question.",Contextual Jev question in code/jev_direction.py,probability 0 to 1,Blank CSV / null JSON if annotation unavailable.,692
group_composition,"Is the selected outcome the fraction/share of a named demographic, nationality, party or sector in a total, such that the share can rise without an absolute improvement for that group? This includes group employment/enrollment shares, vote shares and foreign population shares. Do not include mortality/illness rates, attainment probabilities, or explicitly defined earnings gaps/ratios measuring income inequality.",Contextual Jev question in code/jev_direction.py,probability 0 to 1,Blank CSV / null JSON if annotation unavailable.,692
