paper_version_id,outcome_label,current_direction,audit_status,source_definition_paraphrase,judgment_and_limit,source_path,audit_type
apep_0608_v1,Gender Wage Gap (All Workers),1,definition_corrected,"Data section defines female earnings as percentage of male earnings, not an absolute wage shortfall. Higher ratio narrows the disparity below parity.",Targeted definition check supports reversal; still an outcome proxy.,apep_0608/v1/tables/tabF1_sde.tex,AI-assisted illustrative source-definition review; not independent human ground truth; no effect or rating used
apep_1177_v2,Convicted (Drug Trafficking),0,unresolved_enforcement,"Selected variable is criminal-court conviction behavior across courtrooms, not underlying drug harm.",Direction appropriately unresolved by reporting/enforcement safeguard.,apep_1177/v2/tables/tabF1_sde.tex,AI-assisted illustrative source-definition review; not independent human ground truth; no effect or rating used
apep_0838_v1,Female share,0,unresolved_composition,Female employment share can rise because male employment falls without female absolute gains.,Relative representation needs an explicit normative target; no absolute-benefit ordering assigned.,apep_0838/v1/tables/tabF1_sde.tex,AI-assisted illustrative source-definition review; not independent human ground truth; no effect or rating used
apep_0803_v1,Black share of HC emp.,0,unresolved_composition,Black share in Black-plus-White healthcare employment is a compositional ratio.,A larger share does not establish absolute gains to Black workers.,apep_0803/v1/tables/tabF1_sde.tex,AI-assisted illustrative source-definition review; not independent human ground truth; no effect or rating used
apep_1037_v1,Daily volume (announcement),0,unresolved_activity,"Selected measure is exchange trading turnover rather than returns, income or final service access.",More financial activity has no automatic favourable ordering.,apep_1037/v1/tables/tabF1_sde.tex,AI-assisted illustrative source-definition review; not independent human ground truth; no effect or rating used
apep_1315_v1,House Price Index (DiD),1,conditional_price,FHFA house-price appreciation is an asset-value measure in a contamination-disclosure setting.,Positive ordering is conditional on owner value or amenity capitalization; buyers and sellers can differ. Requires author review.,apep_1315/v1/tables/tabF1_sde.tex,AI-assisted illustrative source-definition review; not independent human ground truth; no effect or rating used
apep_1254_v1,Log appraisal value,-1,conditional_price,Bank appraisal value proxies housing prices in the golden-visa setting.,Negative ordering treats affordability as the target; asset owners can have opposite preferences. Requires author review.,apep_1254/v1/tables/tabF1_sde.tex,AI-assisted illustrative source-definition review; not independent human ground truth; no effect or rating used
apep_1232_v1,C-section rate,-1,conditional_clinical,Cesarean share is studied in a doula-support setting with potential avoidable intervention.,Lower intervention may be favourable holding health outcomes fixed; clinical necessity and underuse remain qualifications.,apep_1232/v1/tables/tabF1_sde.tex,AI-assisted illustrative source-definition review; not independent human ground truth; no effect or rating used
apep_1033_v1,Unpast. dairy outbreaks,-1,clear_harm_with_reporting_flag,Selected measure counts dairy-associated disease outbreaks.,A registry-based measure of harmful incidents need not be excluded solely by an auxiliary reporting flag.,apep_1033/v1/tables/tabF1_sde.tex,AI-assisted illustrative source-definition review; not independent human ground truth; no effect or rating used
apep_0742_v1,Theft offences,-1,harm_proxy,Selected outcome concerns theft offences.,"Lower harmful incidents is conventionally favourable, with recorded-crime detection caveats retained.",apep_0742/v1/tables/tabF1_sde.tex,AI-assisted illustrative source-definition review; not independent human ground truth; no effect or rating used
apep_1204_v1,IHP Approval Rate (All),1,beneficial_access,Selected measure is approval for individual/household assistance.,Beneficial aid access can be favourably ordered despite its administrative measurement.,apep_1204/v1/tables/tabF1_sde.tex,AI-assisted illustrative source-definition review; not independent human ground truth; no effect or rating used
apep_1425_v1,Pro-Worker Verdict,1,identified_beneficiary,Selected court outcome explicitly favors the worker.,Direct beneficiary direction can be meaningful even in an enforcement setting; it does not aggregate welfare.,apep_1425/v1/tables/tabF1_sde.tex,AI-assisted illustrative source-definition review; not independent human ground truth; no effect or rating used
